SET QUOTED_IDENTIFIER OFF;
GO
USE [ETNA.DB];
GO

/*IMPORTANTE : HACER SIEMPRE CONCIDIR EL USERID con EMPLEADOID, de esa forma se nos simplifica esa parte de la programación*/


/****** Object:  Table [dbo].[webpages_Membership]  */  
INSERT [dbo].[webpages_Membership] ([UserId], [CreateDate], [ConfirmationToken], [IsConfirmed], [LastPasswordFailureDate], [PasswordFailuresSinceLastSuccess], [Password], [PasswordChangedDate], [PasswordSalt], [PasswordVerificationToken], [PasswordVerificationTokenExpirationDate]) 
VALUES (1, CAST(0x0000A4620119316B AS DateTime), NULL, 1, NULL, 0, N'AKGufSA/XPH8iKxL3Wc2VLSBkCh1/M7tPEiftGE9hUtUXSQx2xy5xPJ9Y+FwTBhDVA==', CAST(0x0000A4620119316B AS DateTime), N'', NULL, NULL)
INSERT [dbo].[webpages_Membership] ([UserId], [CreateDate], [ConfirmationToken], [IsConfirmed], [LastPasswordFailureDate], [PasswordFailuresSinceLastSuccess], [Password], [PasswordChangedDate], [PasswordSalt], [PasswordVerificationToken], [PasswordVerificationTokenExpirationDate]) 
VALUES (2, CAST(0x0000A4620119316B AS DateTime), NULL, 1, NULL, 0, N'AKGufSA/XPH8iKxL3Wc2VLSBkCh1/M7tPEiftGE9hUtUXSQx2xy5xPJ9Y+FwTBhDVA==', CAST(0x0000A4620119316B AS DateTime), N'', NULL, NULL)
INSERT [dbo].[webpages_Membership] ([UserId], [CreateDate], [ConfirmationToken], [IsConfirmed], [LastPasswordFailureDate], [PasswordFailuresSinceLastSuccess], [Password], [PasswordChangedDate], [PasswordSalt], [PasswordVerificationToken], [PasswordVerificationTokenExpirationDate]) 
VALUES (3, CAST(0x0000A4620119316B AS DateTime), NULL, 1, NULL, 0, N'AKGufSA/XPH8iKxL3Wc2VLSBkCh1/M7tPEiftGE9hUtUXSQx2xy5xPJ9Y+FwTBhDVA==', CAST(0x0000A4620119316B AS DateTime), N'', NULL, NULL)
INSERT [dbo].[webpages_Membership] ([UserId], [CreateDate], [ConfirmationToken], [IsConfirmed], [LastPasswordFailureDate], [PasswordFailuresSinceLastSuccess], [Password], [PasswordChangedDate], [PasswordSalt], [PasswordVerificationToken], [PasswordVerificationTokenExpirationDate]) 
VALUES (4, CAST(0x0000A4620119316B AS DateTime), NULL, 1, NULL, 0, N'AKGufSA/XPH8iKxL3Wc2VLSBkCh1/M7tPEiftGE9hUtUXSQx2xy5xPJ9Y+FwTBhDVA==', CAST(0x0000A4620119316B AS DateTime), N'', NULL, NULL)
INSERT [dbo].[webpages_Membership] ([UserId], [CreateDate], [ConfirmationToken], [IsConfirmed], [LastPasswordFailureDate], [PasswordFailuresSinceLastSuccess], [Password], [PasswordChangedDate], [PasswordSalt], [PasswordVerificationToken], [PasswordVerificationTokenExpirationDate]) 
VALUES (5, CAST(0x0000A4620119316B AS DateTime), NULL, 1, NULL, 0, N'AKGufSA/XPH8iKxL3Wc2VLSBkCh1/M7tPEiftGE9hUtUXSQx2xy5xPJ9Y+FwTBhDVA==', CAST(0x0000A4620119316B AS DateTime), N'', NULL, NULL)
INSERT [dbo].[webpages_Membership] ([UserId], [CreateDate], [ConfirmationToken], [IsConfirmed], [LastPasswordFailureDate], [PasswordFailuresSinceLastSuccess], [Password], [PasswordChangedDate], [PasswordSalt], [PasswordVerificationToken], [PasswordVerificationTokenExpirationDate]) 
VALUES (6, CAST(0x0000A4620119316B AS DateTime), NULL, 1, NULL, 0, N'AKGufSA/XPH8iKxL3Wc2VLSBkCh1/M7tPEiftGE9hUtUXSQx2xy5xPJ9Y+FwTBhDVA==', CAST(0x0000A4620119316B AS DateTime), N'', NULL, NULL)
INSERT [dbo].[webpages_Membership] ([UserId], [CreateDate], [ConfirmationToken], [IsConfirmed], [LastPasswordFailureDate], [PasswordFailuresSinceLastSuccess], [Password], [PasswordChangedDate], [PasswordSalt], [PasswordVerificationToken], [PasswordVerificationTokenExpirationDate]) 
VALUES (7, CAST(0x0000A4620119316B AS DateTime), NULL, 1, NULL, 0, N'AKGufSA/XPH8iKxL3Wc2VLSBkCh1/M7tPEiftGE9hUtUXSQx2xy5xPJ9Y+FwTBhDVA==', CAST(0x0000A4620119316B AS DateTime), N'', NULL, NULL)
INSERT [dbo].[webpages_Membership] ([UserId], [CreateDate], [ConfirmationToken], [IsConfirmed], [LastPasswordFailureDate], [PasswordFailuresSinceLastSuccess], [Password], [PasswordChangedDate], [PasswordSalt], [PasswordVerificationToken], [PasswordVerificationTokenExpirationDate]) 
VALUES (8, CAST(0x0000A4620119316B AS DateTime), NULL, 1, NULL, 0, N'AKGufSA/XPH8iKxL3Wc2VLSBkCh1/M7tPEiftGE9hUtUXSQx2xy5xPJ9Y+FwTBhDVA==', CAST(0x0000A4620119316B AS DateTime), N'', NULL, NULL)
INSERT [dbo].[webpages_Membership] ([UserId], [CreateDate], [ConfirmationToken], [IsConfirmed], [LastPasswordFailureDate], [PasswordFailuresSinceLastSuccess], [Password], [PasswordChangedDate], [PasswordSalt], [PasswordVerificationToken], [PasswordVerificationTokenExpirationDate]) 
VALUES (9, CAST(0x0000A4620119316B AS DateTime), NULL, 1, NULL, 0, N'AKGufSA/XPH8iKxL3Wc2VLSBkCh1/M7tPEiftGE9hUtUXSQx2xy5xPJ9Y+FwTBhDVA==', CAST(0x0000A4620119316B AS DateTime), N'', NULL, NULL)
INSERT [dbo].[webpages_Membership] ([UserId], [CreateDate], [ConfirmationToken], [IsConfirmed], [LastPasswordFailureDate], [PasswordFailuresSinceLastSuccess], [Password], [PasswordChangedDate], [PasswordSalt], [PasswordVerificationToken], [PasswordVerificationTokenExpirationDate]) 
VALUES (10, CAST(0x0000A4620119316B AS DateTime), NULL, 1, NULL, 0, N'AKGufSA/XPH8iKxL3Wc2VLSBkCh1/M7tPEiftGE9hUtUXSQx2xy5xPJ9Y+FwTBhDVA==', CAST(0x0000A4620119316B AS DateTime), N'', NULL, NULL)


INSERT INTO USERPROFILE (USERNAME) VALUES ('DVALDIVIA');
INSERT INTO USERPROFILE (USERNAME) VALUES ('MDELALCAZAR');
INSERT INTO USERPROFILE (USERNAME) VALUES ('JMOSCOSO');
INSERT INTO USERPROFILE (USERNAME) VALUES ('LMUNDACA');
INSERT INTO USERPROFILE (USERNAME) VALUES ('MFLORES');
INSERT INTO USERPROFILE (USERNAME) VALUES ('AAGUIRRE');
INSERT INTO USERPROFILE (USERNAME) VALUES ('MGUZMAN');
INSERT INTO USERPROFILE (USERNAME) VALUES ('LCORCIO');
INSERT INTO USERPROFILE (USERNAME) VALUES ('MIBERICO');
INSERT INTO USERPROFILE (USERNAME) VALUES ('CROJAS');

INSERT INTO CARGO(DESCRIPCION) VALUES ('ASISTENTE ALMACEN');

INSERT INTO EMPLEADOS (NOMBRES, APELLIDOS, DIRECCION, IDCARGO, USERPROFILE_USERID) 
VALUES ('DIEGO MARTIN','VALDIVIA PEREZ','PRIMAVERA 1212',1,1);
INSERT INTO EMPLEADOS (NOMBRES, APELLIDOS, DIRECCION, IDCARGO, USERPROFILE_USERID) 
VALUES ('MIGUEL EDUARDO','DEL ALCAZAR ALVAREZ','PRIMERA JUNTA 127',1,2);
INSERT INTO EMPLEADOS (NOMBRES, APELLIDOS, DIRECCION, IDCARGO, USERPROFILE_USERID) 
VALUES ('JOAN','MOSCOSO','AV. PERU 222',1,3);
INSERT INTO EMPLEADOS (NOMBRES, APELLIDOS, DIRECCION, IDCARGO, USERPROFILE_USERID) 
VALUES ('LESLIE','MUNDACA','LA VICTORIA 333',1,4);
INSERT INTO EMPLEADOS (NOMBRES, APELLIDOS, DIRECCION, IDCARGO, USERPROFILE_USERID) 
VALUES ('MIGUEL','FLOREZ','BOLIVIA 332',1,5);
INSERT INTO EMPLEADOS (NOMBRES, APELLIDOS, DIRECCION, IDCARGO, USERPROFILE_USERID) 
VALUES ('ALBERTO','AGUIRRE','LA MOLINA 456',1,6);
INSERT INTO EMPLEADOS (NOMBRES, APELLIDOS, DIRECCION, IDCARGO, USERPROFILE_USERID) 
VALUES ('MIGUEL','GUZMAN','SAN JUAN MIRAFLORES 444',1,7);
INSERT INTO EMPLEADOS (NOMBRES, APELLIDOS, DIRECCION, IDCARGO, USERPROFILE_USERID) 
VALUES ('LUIS','CORCIO','FUNESTA 2223',1,8);
INSERT INTO EMPLEADOS (NOMBRES, APELLIDOS, DIRECCION, IDCARGO, USERPROFILE_USERID) 
VALUES ('MARTIN','IBERICO','RECUAY 223',1,9);
INSERT INTO EMPLEADOS (NOMBRES, APELLIDOS, DIRECCION, IDCARGO, USERPROFILE_USERID) 
VALUES ('CAROLINA','ROJAS','ALCANFORES 233',1,10);

INSERT INTO Almacenes (Nombre, Direccion, Tipo, AreaEnM2)
VALUES ('ALMACEN PRINCIPAL','AV. EL PACÍFICO 501 – 561 INDEPENDENCIA',1,1500);
INSERT INTO Almacenes (Nombre, Direccion, Tipo, AreaEnM2)
VALUES ('ALMACEN INSUMOS','AV. ARGENTINA 780',1,1000);
INSERT INTO Almacenes (Nombre, Direccion, Tipo, AreaEnM2)
VALUES ('ALMACEN SECUNDARIO','KM 57 PANAMERICANA NORTE',1,500);

-- Empleado con 3 almacenes DVALDIVIA
INSERT INTO EmpleadoAlmacen (Empleado_Id, Almacen_Id) VALUES (1,1);
INSERT INTO EmpleadoAlmacen (Empleado_Id, Almacen_Id) VALUES (1,2);
INSERT INTO EmpleadoAlmacen (Empleado_Id, Almacen_Id) VALUES (1,3);
-- Empleado con 1 almacén MDELALCAZAR
INSERT INTO EmpleadoAlmacen (Empleado_Id, Almacen_Id) VALUES (2,1);
-- Empleado con 1 almacén JMOSCOSO
INSERT INTO EmpleadoAlmacen (Empleado_Id, Almacen_Id) VALUES (3,2);

INSERT INTO Productos (Nombre, DescripcionCorta,DescripcionLarga, PrecioListaCompra, PrecioListaVenta, Estado)
VALUES ('BATERIA U1R','','',10,20, 0);
INSERT INTO Productos (Nombre, DescripcionCorta,DescripcionLarga, PrecioListaCompra, PrecioListaVenta, Estado)
VALUES ('BATERIA NS40','','',20,30, 0);
INSERT INTO Productos (Nombre, DescripcionCorta,DescripcionLarga, PrecioListaCompra, PrecioListaVenta, Estado)
VALUES ('BATERIA N4051','','',30,40, 0);
INSERT INTO Productos (Nombre, DescripcionCorta,DescripcionLarga, PrecioListaCompra, PrecioListaVenta, Estado)
VALUES ('BATERIA NS60','','',40,50, 0);
INSERT INTO Productos (Nombre, DescripcionCorta,DescripcionLarga, PrecioListaCompra, PrecioListaVenta, Estado)
VALUES ('BATERIA L18','','',50,60, 0);
INSERT INTO Productos (Nombre, DescripcionCorta,DescripcionLarga, PrecioListaCompra, PrecioListaVenta, Estado)
VALUES ('BATERIA L1','','',70,80, 0);
INSERT INTO Productos (Nombre, DescripcionCorta,DescripcionLarga, PrecioListaCompra, PrecioListaVenta, Estado)
VALUES ('BATERIA 42','','',80,90, 0);
INSERT INTO Productos (Nombre, DescripcionCorta,DescripcionLarga, PrecioListaCompra, PrecioListaVenta, Estado)
VALUES ('BATERIA 40R','','',90,100, 0);
INSERT INTO Productos (Nombre, DescripcionCorta,DescripcionLarga, PrecioListaCompra, PrecioListaVenta, Estado)
VALUES ('BATERIA 026','','',100,110, 0);
INSERT INTO Productos (Nombre, DescripcionCorta,DescripcionLarga, PrecioListaCompra, PrecioListaVenta, Estado)
VALUES ('BATERIA D26','','',110,120, 0);
INSERT INTO Productos (Nombre, DescripcionCorta,DescripcionLarga, PrecioListaCompra, PrecioListaVenta, Estado)
VALUES ('BATERIA D31','','',120,130, 0);
INSERT INTO Productos (Nombre, DescripcionCorta,DescripcionLarga, PrecioListaCompra, PrecioListaVenta, Estado)
VALUES ('BATERIA 31A','','',130,140, 0);
INSERT INTO Productos (Nombre, DescripcionCorta,DescripcionLarga, PrecioListaCompra, PrecioListaVenta, Estado)
VALUES ('BATERIA 31T','','',140,150, 0);
INSERT INTO Productos (Nombre, DescripcionCorta,DescripcionLarga, PrecioListaCompra, PrecioListaVenta, Estado)
VALUES ('BATERIA N200','','',150,160, 0);
INSERT INTO Productos (Nombre, DescripcionCorta,DescripcionLarga, PrecioListaCompra, PrecioListaVenta, Estado)
VALUES ('BATERIA N200 PRO','','',160,170, 0);
INSERT INTO Productos (Nombre, DescripcionCorta,DescripcionLarga, PrecioListaCompra, PrecioListaVenta, Estado)
VALUES ('BATERIA 4Y','','',170,180, 0);
INSERT INTO Productos (Nombre, DescripcionCorta,DescripcionLarga, PrecioListaCompra, PrecioListaVenta, Estado)
VALUES ('AGUA DESTILADA','','',180,190, 0);
INSERT INTO Productos (Nombre, DescripcionCorta,DescripcionLarga, PrecioListaCompra, PrecioListaVenta, Estado)
VALUES ('VOLTIMETRO','','',190,200, 0);
INSERT INTO Productos (Nombre, DescripcionCorta,DescripcionLarga, PrecioListaCompra, PrecioListaVenta, Estado)
VALUES ('ALTERNADOR','','',200,250, 0);
INSERT INTO Productos (Nombre, DescripcionCorta,DescripcionLarga, PrecioListaCompra, PrecioListaVenta, Estado)
VALUES ('PLOMO','','',10,20, 0);
INSERT INTO Productos (Nombre, DescripcionCorta,DescripcionLarga, PrecioListaCompra, PrecioListaVenta, Estado)
VALUES ('MALLA METALICA','','',20,30, 0);
INSERT INTO Productos (Nombre, DescripcionCorta,DescripcionLarga, PrecioListaCompra, PrecioListaVenta, Estado)
VALUES ('ANIONES','','',30,40, 0);

INSERT INTO StockProductos (IdAlmacen, IdProducto, CantidadDisponible, Ubicacion) VALUES(1, 1, 100,  'PASILLO A, FILA 01, COLUMNA 05');
INSERT INTO StockProductos (IdAlmacen, IdProducto, CantidadDisponible, Ubicacion) VALUES(1, 2, 100,  'PASILLO A, FILA 02, COLUMNA 04');
INSERT INTO StockProductos (IdAlmacen, IdProducto, CantidadDisponible, Ubicacion) VALUES(1, 3, 100,  'PASILLO A, FILA 03, COLUMNA 03');
INSERT INTO StockProductos (IdAlmacen, IdProducto, CantidadDisponible, Ubicacion) VALUES(1, 4, 100,  'PASILLO A, FILA 04, COLUMNA 02');
INSERT INTO StockProductos (IdAlmacen, IdProducto, CantidadDisponible, Ubicacion) VALUES(1, 5, 100,  'PASILLO A, FILA 05, COLUMNA 01');
INSERT INTO StockProductos (IdAlmacen, IdProducto, CantidadDisponible, Ubicacion) VALUES(1, 6, 100,  'PASILLO B, FILA 01, COLUMNA 05');
INSERT INTO StockProductos (IdAlmacen, IdProducto, CantidadDisponible, Ubicacion) VALUES(1, 7, 100,  'PASILLO B, FILA 02, COLUMNA 04');
INSERT INTO StockProductos (IdAlmacen, IdProducto, CantidadDisponible, Ubicacion) VALUES(1, 8, 100,  'PASILLO B, FILA 03, COLUMNA 03');
INSERT INTO StockProductos (IdAlmacen, IdProducto, CantidadDisponible, Ubicacion) VALUES(1, 9, 100,  'PASILLO B, FILA 04, COLUMNA 02');
INSERT INTO StockProductos (IdAlmacen, IdProducto, CantidadDisponible, Ubicacion) VALUES(1, 10, 100, 'PASILLO B, FILA 05, COLUMNA 01');
INSERT INTO StockProductos (IdAlmacen, IdProducto, CantidadDisponible, Ubicacion) VALUES(1, 11, 100, 'PASILLO C, FILA 01, COLUMNA 05');
INSERT INTO StockProductos (IdAlmacen, IdProducto, CantidadDisponible, Ubicacion) VALUES(1, 12, 100, 'PASILLO C, FILA 02, COLUMNA 04');
INSERT INTO StockProductos (IdAlmacen, IdProducto, CantidadDisponible, Ubicacion) VALUES(1, 13, 100, 'PASILLO C, FILA 03, COLUMNA 03');
INSERT INTO StockProductos (IdAlmacen, IdProducto, CantidadDisponible, Ubicacion) VALUES(1, 14, 100, 'PASILLO C, FILA 04, COLUMNA 02');
INSERT INTO StockProductos (IdAlmacen, IdProducto, CantidadDisponible, Ubicacion) VALUES(1, 15, 100, 'PASILLO C, FILA 05, COLUMNA 01');
INSERT INTO StockProductos (IdAlmacen, IdProducto, CantidadDisponible, Ubicacion) VALUES(1, 16, 100, 'PASILLO D, FILA 01, COLUMNA 05');
INSERT INTO StockProductos (IdAlmacen, IdProducto, CantidadDisponible, Ubicacion) VALUES(1, 17, 100, 'PASILLO D, FILA 02, COLUMNA 04');
INSERT INTO StockProductos (IdAlmacen, IdProducto, CantidadDisponible, Ubicacion) VALUES(1, 18, 100, 'PASILLO D, FILA 03, COLUMNA 03');
INSERT INTO StockProductos (IdAlmacen, IdProducto, CantidadDisponible, Ubicacion) VALUES(1, 19, 100, 'PASILLO D, FILA 04, COLUMNA 02');
INSERT INTO StockProductos (IdAlmacen, IdProducto, CantidadDisponible, Ubicacion) VALUES(1, 20, 100, 'PASILLO D, FILA 05, COLUMNA 01');
INSERT INTO StockProductos (IdAlmacen, IdProducto, CantidadDisponible, Ubicacion) VALUES(1, 21, 100, 'PASILLO E, FILA 01, COLUMNA 05');
INSERT INTO StockProductos (IdAlmacen, IdProducto, CantidadDisponible, Ubicacion) VALUES(1, 22, 100, 'PASILLO E, FILA 02, COLUMNA 04');

INSERT INTO StockProductos (IdAlmacen, IdProducto, CantidadDisponible, Ubicacion) VALUES(2, 1, 100,  'PASILLO A, FILA 01, COLUMNA 05');
INSERT INTO StockProductos (IdAlmacen, IdProducto, CantidadDisponible, Ubicacion) VALUES(2, 2, 100,  'PASILLO A, FILA 02, COLUMNA 04');
INSERT INTO StockProductos (IdAlmacen, IdProducto, CantidadDisponible, Ubicacion) VALUES(2, 3, 100,  'PASILLO A, FILA 03, COLUMNA 03');
INSERT INTO StockProductos (IdAlmacen, IdProducto, CantidadDisponible, Ubicacion) VALUES(2, 4, 100,  'PASILLO A, FILA 04, COLUMNA 02');
INSERT INTO StockProductos (IdAlmacen, IdProducto, CantidadDisponible, Ubicacion) VALUES(2, 5, 100,  'PASILLO A, FILA 05, COLUMNA 01');
INSERT INTO StockProductos (IdAlmacen, IdProducto, CantidadDisponible, Ubicacion) VALUES(2, 6, 100,  'PASILLO B, FILA 01, COLUMNA 05');
INSERT INTO StockProductos (IdAlmacen, IdProducto, CantidadDisponible, Ubicacion) VALUES(2, 7, 100,  'PASILLO B, FILA 02, COLUMNA 04');
INSERT INTO StockProductos (IdAlmacen, IdProducto, CantidadDisponible, Ubicacion) VALUES(2, 8, 100,  'PASILLO B, FILA 03, COLUMNA 03');
INSERT INTO StockProductos (IdAlmacen, IdProducto, CantidadDisponible, Ubicacion) VALUES(2, 9, 100,  'PASILLO B, FILA 04, COLUMNA 02');
INSERT INTO StockProductos (IdAlmacen, IdProducto, CantidadDisponible, Ubicacion) VALUES(2, 10, 100, 'PASILLO B, FILA 05, COLUMNA 01');
INSERT INTO StockProductos (IdAlmacen, IdProducto, CantidadDisponible, Ubicacion) VALUES(2, 11, 100, 'PASILLO C, FILA 01, COLUMNA 05');
INSERT INTO StockProductos (IdAlmacen, IdProducto, CantidadDisponible, Ubicacion) VALUES(2, 12, 100, 'PASILLO C, FILA 02, COLUMNA 04');
INSERT INTO StockProductos (IdAlmacen, IdProducto, CantidadDisponible, Ubicacion) VALUES(2, 13, 100, 'PASILLO C, FILA 03, COLUMNA 03');
INSERT INTO StockProductos (IdAlmacen, IdProducto, CantidadDisponible, Ubicacion) VALUES(2, 14, 100, 'PASILLO C, FILA 04, COLUMNA 02');
INSERT INTO StockProductos (IdAlmacen, IdProducto, CantidadDisponible, Ubicacion) VALUES(2, 15, 100, 'PASILLO C, FILA 05, COLUMNA 01');
INSERT INTO StockProductos (IdAlmacen, IdProducto, CantidadDisponible, Ubicacion) VALUES(2, 16, 100, 'PASILLO D, FILA 01, COLUMNA 05');
INSERT INTO StockProductos (IdAlmacen, IdProducto, CantidadDisponible, Ubicacion) VALUES(2, 17, 100, 'PASILLO D, FILA 02, COLUMNA 04');
INSERT INTO StockProductos (IdAlmacen, IdProducto, CantidadDisponible, Ubicacion) VALUES(2, 18, 100, 'PASILLO D, FILA 03, COLUMNA 03');
INSERT INTO StockProductos (IdAlmacen, IdProducto, CantidadDisponible, Ubicacion) VALUES(2, 19, 100, 'PASILLO D, FILA 04, COLUMNA 02');
INSERT INTO StockProductos (IdAlmacen, IdProducto, CantidadDisponible, Ubicacion) VALUES(2, 20, 100, 'PASILLO D, FILA 05, COLUMNA 01');
INSERT INTO StockProductos (IdAlmacen, IdProducto, CantidadDisponible, Ubicacion) VALUES(2, 21, 100, 'PASILLO E, FILA 01, COLUMNA 05');
INSERT INTO StockProductos (IdAlmacen, IdProducto, CantidadDisponible, Ubicacion) VALUES(2, 22, 100, 'PASILLO E, FILA 02, COLUMNA 04');

INSERT INTO StockProductos (IdAlmacen, IdProducto, CantidadDisponible, Ubicacion) VALUES(3, 1, 100,  'PASILLO A, FILA 01, COLUMNA 05');
INSERT INTO StockProductos (IdAlmacen, IdProducto, CantidadDisponible, Ubicacion) VALUES(3, 2, 100,  'PASILLO A, FILA 02, COLUMNA 04');
INSERT INTO StockProductos (IdAlmacen, IdProducto, CantidadDisponible, Ubicacion) VALUES(3, 3, 100,  'PASILLO A, FILA 03, COLUMNA 03');
INSERT INTO StockProductos (IdAlmacen, IdProducto, CantidadDisponible, Ubicacion) VALUES(3, 4, 100,  'PASILLO A, FILA 04, COLUMNA 02');
INSERT INTO StockProductos (IdAlmacen, IdProducto, CantidadDisponible, Ubicacion) VALUES(3, 5, 100,  'PASILLO A, FILA 05, COLUMNA 01');
INSERT INTO StockProductos (IdAlmacen, IdProducto, CantidadDisponible, Ubicacion) VALUES(3, 6, 100,  'PASILLO B, FILA 01, COLUMNA 05');
INSERT INTO StockProductos (IdAlmacen, IdProducto, CantidadDisponible, Ubicacion) VALUES(3, 7, 100,  'PASILLO B, FILA 02, COLUMNA 04');
INSERT INTO StockProductos (IdAlmacen, IdProducto, CantidadDisponible, Ubicacion) VALUES(3, 8, 100,  'PASILLO B, FILA 03, COLUMNA 03');
INSERT INTO StockProductos (IdAlmacen, IdProducto, CantidadDisponible, Ubicacion) VALUES(3, 9, 100,  'PASILLO B, FILA 04, COLUMNA 02');
INSERT INTO StockProductos (IdAlmacen, IdProducto, CantidadDisponible, Ubicacion) VALUES(3, 10, 100, 'PASILLO B, FILA 05, COLUMNA 01');
INSERT INTO StockProductos (IdAlmacen, IdProducto, CantidadDisponible, Ubicacion) VALUES(3, 11, 100, 'PASILLO C, FILA 01, COLUMNA 05');
INSERT INTO StockProductos (IdAlmacen, IdProducto, CantidadDisponible, Ubicacion) VALUES(3, 12, 100, 'PASILLO C, FILA 02, COLUMNA 04');
INSERT INTO StockProductos (IdAlmacen, IdProducto, CantidadDisponible, Ubicacion) VALUES(3, 13, 100, 'PASILLO C, FILA 03, COLUMNA 03');
INSERT INTO StockProductos (IdAlmacen, IdProducto, CantidadDisponible, Ubicacion) VALUES(3, 14, 100, 'PASILLO C, FILA 04, COLUMNA 02');
INSERT INTO StockProductos (IdAlmacen, IdProducto, CantidadDisponible, Ubicacion) VALUES(3, 15, 100, 'PASILLO C, FILA 05, COLUMNA 01');
INSERT INTO StockProductos (IdAlmacen, IdProducto, CantidadDisponible, Ubicacion) VALUES(3, 16, 100, 'PASILLO D, FILA 01, COLUMNA 05');
INSERT INTO StockProductos (IdAlmacen, IdProducto, CantidadDisponible, Ubicacion) VALUES(3, 17, 100, 'PASILLO D, FILA 02, COLUMNA 04');
INSERT INTO StockProductos (IdAlmacen, IdProducto, CantidadDisponible, Ubicacion) VALUES(3, 18, 100, 'PASILLO D, FILA 03, COLUMNA 03');
INSERT INTO StockProductos (IdAlmacen, IdProducto, CantidadDisponible, Ubicacion) VALUES(3, 19, 100, 'PASILLO D, FILA 04, COLUMNA 02');
INSERT INTO StockProductos (IdAlmacen, IdProducto, CantidadDisponible, Ubicacion) VALUES(3, 20, 100, 'PASILLO D, FILA 05, COLUMNA 01');
INSERT INTO StockProductos (IdAlmacen, IdProducto, CantidadDisponible, Ubicacion) VALUES(3, 21, 100, 'PASILLO E, FILA 01, COLUMNA 05');
INSERT INTO StockProductos (IdAlmacen, IdProducto, CantidadDisponible, Ubicacion) VALUES(3, 22, 100, 'PASILLO E, FILA 02, COLUMNA 04');




-- Año - mes - día
INSERT INTO SOLICITUDESENTRADA (FECHAELABORACION, TIPOENTRADA, ESTADO, EMPLEADO_ID)
VALUES ('2015-03-01',1,2,6)
INSERT INTO SOLICITUDESENTRADA (FECHAELABORACION, TIPOENTRADA, ESTADO, EMPLEADO_ID)
VALUES ('2015-03-7',2,2,6)
INSERT INTO SOLICITUDESENTRADA (FECHAELABORACION, TIPOENTRADA, ESTADO, EMPLEADO_ID)
VALUES ('2015-03-10',3,2,7)
INSERT INTO SOLICITUDESENTRADA (FECHAELABORACION, TIPOENTRADA, ESTADO, EMPLEADO_ID)
VALUES ('2015-03-15',1,2,8)

INSERT INTO DETALLESOLICITUDENTRADA (IDPRODUCTO, IDSOLICITUDENTRADA, CANTIDAD)
VALUES (1,1,10);
INSERT INTO DETALLESOLICITUDENTRADA (IDPRODUCTO, IDSOLICITUDENTRADA, CANTIDAD)
VALUES (2,1,5);
INSERT INTO DETALLESOLICITUDENTRADA (IDPRODUCTO, IDSOLICITUDENTRADA, CANTIDAD)
VALUES (3,1,3);
INSERT INTO DETALLESOLICITUDENTRADA (IDPRODUCTO, IDSOLICITUDENTRADA, CANTIDAD)
VALUES (4,1,1);

INSERT INTO DETALLESOLICITUDENTRADA (IDPRODUCTO, IDSOLICITUDENTRADA, CANTIDAD)
VALUES (5,2,2);
INSERT INTO DETALLESOLICITUDENTRADA (IDPRODUCTO, IDSOLICITUDENTRADA, CANTIDAD)
VALUES (6,2,12);

INSERT INTO DETALLESOLICITUDENTRADA (IDPRODUCTO, IDSOLICITUDENTRADA, CANTIDAD)
VALUES (7,3,4);
INSERT INTO DETALLESOLICITUDENTRADA (IDPRODUCTO, IDSOLICITUDENTRADA, CANTIDAD)
VALUES (8,3,7);
INSERT INTO DETALLESOLICITUDENTRADA (IDPRODUCTO, IDSOLICITUDENTRADA, CANTIDAD)
VALUES (1,3,12);

INSERT INTO DETALLESOLICITUDENTRADA (IDPRODUCTO, IDSOLICITUDENTRADA, CANTIDAD)
VALUES (10,4,4);
INSERT INTO DETALLESOLICITUDENTRADA (IDPRODUCTO, IDSOLICITUDENTRADA, CANTIDAD)
VALUES (11,4,7);
INSERT INTO DETALLESOLICITUDENTRADA (IDPRODUCTO, IDSOLICITUDENTRADA, CANTIDAD)
VALUES (12,4,12);
INSERT INTO DETALLESOLICITUDENTRADA (IDPRODUCTO, IDSOLICITUDENTRADA, CANTIDAD)
VALUES (13,4,4);
INSERT INTO DETALLESOLICITUDENTRADA (IDPRODUCTO, IDSOLICITUDENTRADA, CANTIDAD)
VALUES (14,4,7);
INSERT INTO DETALLESOLICITUDENTRADA (IDPRODUCTO, IDSOLICITUDENTRADA, CANTIDAD)
VALUES (15,4,12);

-- Año - mes - día
INSERT INTO SOLICITUDESSALIDA (FECHAELABORACION, TIPOSALIDA, ESTADO, EMPLEADO_ID, DIRECCIONENTREGA, RAZONSOCIALDESTINATARIO)
VALUES ('2015-03-01',1,2,6,'Av. Benavides','Almacenes SA')
INSERT INTO SOLICITUDESSALIDA (FECHAELABORACION, TIPOSALIDA, ESTADO, EMPLEADO_ID, DIRECCIONENTREGA, RAZONSOCIALDESTINATARIO)
VALUES ('2015-03-7',2,2,6,'Av. Benavides','Almacenes SA')
INSERT INTO SOLICITUDESSALIDA (FECHAELABORACION, TIPOSALIDA, ESTADO, EMPLEADO_ID, DIRECCIONENTREGA, RAZONSOCIALDESTINATARIO)
VALUES ('2015-03-10',3,2,7,'Av. Benavides','Almacenes SA')
INSERT INTO SOLICITUDESSALIDA (FECHAELABORACION, TIPOSALIDA, ESTADO, EMPLEADO_ID, DIRECCIONENTREGA, RAZONSOCIALDESTINATARIO)
VALUES ('2015-03-15',1,2,8,'Av. Benavides','Almacenes SA')

INSERT INTO DETALLESOLICITUDSALIDA (IDPRODUCTO, IDSOLICITUDSALIDA, CANTIDAD, CANTIDADFINAL)
VALUES (1,1,10,10);
INSERT INTO DETALLESOLICITUDSALIDA (IDPRODUCTO, IDSOLICITUDSALIDA, CANTIDAD, CANTIDADFINAL)
VALUES (2,1,5,5);
INSERT INTO DETALLESOLICITUDSALIDA (IDPRODUCTO, IDSOLICITUDSALIDA, CANTIDAD, CANTIDADFINAL)
VALUES (3,1,3,3);
INSERT INTO DETALLESOLICITUDSALIDA (IDPRODUCTO, IDSOLICITUDSALIDA, CANTIDAD, CANTIDADFINAL)
VALUES (4,1,1,1);

INSERT INTO DETALLESOLICITUDSALIDA (IDPRODUCTO, IDSOLICITUDSALIDA, CANTIDAD, CANTIDADFINAL)
VALUES (5,2,2,2);
INSERT INTO DETALLESOLICITUDSALIDA (IDPRODUCTO, IDSOLICITUDSALIDA, CANTIDAD, CANTIDADFINAL)
VALUES (6,2,12,12);

INSERT INTO DETALLESOLICITUDSALIDA (IDPRODUCTO, IDSOLICITUDSALIDA, CANTIDAD, CANTIDADFINAL)
VALUES (7,3,4,4);
INSERT INTO DETALLESOLICITUDSALIDA (IDPRODUCTO, IDSOLICITUDSALIDA, CANTIDAD, CANTIDADFINAL)
VALUES (8,3,7,7);
INSERT INTO DETALLESOLICITUDSALIDA (IDPRODUCTO, IDSOLICITUDSALIDA, CANTIDAD, CANTIDADFINAL)
VALUES (1,3,12,12);

INSERT INTO DETALLESOLICITUDSALIDA (IDPRODUCTO, IDSOLICITUDSALIDA, CANTIDAD, CANTIDADFINAL)
VALUES (10,4,4,4);
INSERT INTO DETALLESOLICITUDSALIDA (IDPRODUCTO, IDSOLICITUDSALIDA, CANTIDAD, CANTIDADFINAL)
VALUES (11,4,7,7);
INSERT INTO DETALLESOLICITUDSALIDA (IDPRODUCTO, IDSOLICITUDSALIDA, CANTIDAD, CANTIDADFINAL)
VALUES (12,4,12,12);
INSERT INTO DETALLESOLICITUDSALIDA (IDPRODUCTO, IDSOLICITUDSALIDA, CANTIDAD, CANTIDADFINAL)
VALUES (13,4,4,4);
INSERT INTO DETALLESOLICITUDSALIDA (IDPRODUCTO, IDSOLICITUDSALIDA, CANTIDAD, CANTIDADFINAL)
VALUES (14,4,7,7);
INSERT INTO DETALLESOLICITUDSALIDA (IDPRODUCTO, IDSOLICITUDSALIDA, CANTIDAD, CANTIDADFINAL)
VALUES (15,4,12,12);

INSERT INTO ubigeo (  codigo, descripcion ) VALUES (  '150000', 'LIMA' );
INSERT INTO ubigeo (  codigo, descripcion ) VALUES (  '150100', 'LIMA' );
INSERT INTO ubigeo (  codigo, descripcion ) VALUES (  '150101', 'LIMA' );
INSERT INTO ubigeo (  codigo, descripcion ) VALUES (  '150102', 'ANCON' );
INSERT INTO ubigeo (  codigo, descripcion ) VALUES (  '150103', 'ATE' );
INSERT INTO ubigeo (  codigo, descripcion ) VALUES (  '150104', 'BARRANCO' );
INSERT INTO ubigeo (  codigo, descripcion ) VALUES (  '150105', 'BREÑA' );
INSERT INTO ubigeo (  codigo, descripcion ) VALUES (  '150106', 'CARABAYLLO' );
INSERT INTO ubigeo (  codigo, descripcion ) VALUES (  '150107', 'CHACLACAYO' );
INSERT INTO ubigeo (  codigo, descripcion ) VALUES (  '150108', 'CHORRILLOS' );
INSERT INTO ubigeo (  codigo, descripcion ) VALUES (  '150109', 'CIENEGUILLA' );
INSERT INTO ubigeo (  codigo, descripcion ) VALUES (  '150110', 'COMAS' );
INSERT INTO ubigeo (  codigo, descripcion ) VALUES (  '150111', 'EL AGUSTINO' );
INSERT INTO ubigeo (  codigo, descripcion ) VALUES (  '150112', 'INDEPENDENCIA' );
INSERT INTO ubigeo (  codigo, descripcion ) VALUES (  '150113', 'JESUS MARIA' );
INSERT INTO ubigeo (  codigo, descripcion ) VALUES (  '150114', 'LA MOLINA' );
INSERT INTO ubigeo (  codigo, descripcion ) VALUES (  '150115', 'LA VICTORIA' );
INSERT INTO ubigeo (  codigo, descripcion ) VALUES (  '150116', 'LINCE' );
INSERT INTO ubigeo (  codigo, descripcion ) VALUES (  '150117', 'LOS OLIVOS' );
INSERT INTO ubigeo (  codigo, descripcion ) VALUES (  '150118', 'LURIGANCHO' );
INSERT INTO ubigeo (  codigo, descripcion ) VALUES (  '150119', 'LURIN' );
INSERT INTO ubigeo (  codigo, descripcion ) VALUES (  '150120', 'MAGDALENA DEL MAR' );
INSERT INTO ubigeo (  codigo, descripcion ) VALUES (  '150121', 'MAGDALENA VIEJA' );
INSERT INTO ubigeo (  codigo, descripcion ) VALUES (  '150122', 'MIRAFLORES' );
INSERT INTO ubigeo (  codigo, descripcion ) VALUES (  '150123', 'PACHACAMAC' );
INSERT INTO ubigeo (  codigo, descripcion ) VALUES (  '150124', 'PUCUSANA' );
INSERT INTO ubigeo (  codigo, descripcion ) VALUES (  '150125', 'PUENTE PIEDRA' );
INSERT INTO ubigeo (  codigo, descripcion ) VALUES (  '150126', 'PUNTA HERMOSA' );
INSERT INTO ubigeo (  codigo, descripcion ) VALUES (  '150127', 'PUNTA NEGRA' );
INSERT INTO ubigeo (  codigo, descripcion ) VALUES (  '150128', 'RIMAC' );
INSERT INTO ubigeo (  codigo, descripcion ) VALUES (  '150129', 'SAN BARTOLO' );
INSERT INTO ubigeo (  codigo, descripcion ) VALUES (  '150130', 'SAN BORJA' );
INSERT INTO ubigeo (  codigo, descripcion ) VALUES (  '150131', 'SAN ISIDRO' );
INSERT INTO ubigeo (  codigo, descripcion ) VALUES (  '150132', 'SAN JUAN DE LURIGANCHO' );
INSERT INTO ubigeo (  codigo, descripcion ) VALUES (  '150133', 'SAN JUAN DE MIRAFLORES' );
INSERT INTO ubigeo (  codigo, descripcion ) VALUES (  '150134', 'SAN LUIS' );
INSERT INTO ubigeo (  codigo, descripcion ) VALUES (  '150135', 'SAN MARTIN DE PORRES' );
INSERT INTO ubigeo (  codigo, descripcion ) VALUES (  '150136', 'SAN MIGUEL' );
INSERT INTO ubigeo (  codigo, descripcion ) VALUES (  '150137', 'SANTA ANITA' );
INSERT INTO ubigeo (  codigo, descripcion ) VALUES (  '150138', 'SANTA MARIA DEL MAR' );
INSERT INTO ubigeo (  codigo, descripcion ) VALUES (  '150139', 'SANTA ROSA' );
INSERT INTO ubigeo (  codigo, descripcion ) VALUES (  '150140', 'SANTIAGO DE SURCO' );
INSERT INTO ubigeo (  codigo, descripcion ) VALUES (  '150141', 'SURQUILLO' );
INSERT INTO ubigeo (  codigo, descripcion ) VALUES (  '150142', 'VILLA EL SALVADOR' );
INSERT INTO ubigeo (  codigo, descripcion ) VALUES (  '150143', 'VILLA MARIA DEL TRIUNFO' );
INSERT INTO ubigeo (  codigo, descripcion ) VALUES (  '150200', 'BARRANCA' );
INSERT INTO ubigeo (  codigo, descripcion ) VALUES (  '150201', 'BARRANCA' );
INSERT INTO ubigeo (  codigo, descripcion ) VALUES (  '150202', 'PARAMONGA' );
INSERT INTO ubigeo (  codigo, descripcion ) VALUES (  '150203', 'PATIVILCA' );
INSERT INTO ubigeo (  codigo, descripcion ) VALUES (  '150204', 'SUPE' );
INSERT INTO ubigeo (  codigo, descripcion ) VALUES (  '150205', 'SUPE PUERTO' );
INSERT INTO ubigeo (  codigo, descripcion ) VALUES (  '150300', 'CAJATAMBO' );
INSERT INTO ubigeo (  codigo, descripcion ) VALUES (  '150301', 'CAJATAMBO' );
INSERT INTO ubigeo (  codigo, descripcion ) VALUES (  '150302', 'COPA' );
INSERT INTO ubigeo (  codigo, descripcion ) VALUES (  '150303', 'GORGOR' );
INSERT INTO ubigeo (  codigo, descripcion ) VALUES (  '150304', 'HUANCAPON' );
INSERT INTO ubigeo (  codigo, descripcion ) VALUES (  '150305', 'MANAS' );
INSERT INTO ubigeo (  codigo, descripcion ) VALUES (  '150400', 'CANTA' );
INSERT INTO ubigeo (  codigo, descripcion ) VALUES (  '150401', 'CANTA' );
INSERT INTO ubigeo (  codigo, descripcion ) VALUES (  '150402', 'ARAHUAY' );
INSERT INTO ubigeo (  codigo, descripcion ) VALUES (  '150403', 'HUAMANTANGA' );
INSERT INTO ubigeo (  codigo, descripcion ) VALUES (  '150404', 'HUAROS' );
INSERT INTO ubigeo (  codigo, descripcion ) VALUES (  '150405', 'LACHAQUI' );
INSERT INTO ubigeo (  codigo, descripcion ) VALUES (  '150406', 'SAN BUENAVENTURA' );
INSERT INTO ubigeo (  codigo, descripcion ) VALUES (  '150407', 'SANTA ROSA DE QUIVES' );
INSERT INTO ubigeo (  codigo, descripcion ) VALUES (  '150500', 'CAÑETE' );
INSERT INTO ubigeo (  codigo, descripcion ) VALUES (  '150501', 'SAN VICENTE DE CAÑETE' );
INSERT INTO ubigeo (  codigo, descripcion ) VALUES (  '150502', 'ASIA' );
INSERT INTO ubigeo (  codigo, descripcion ) VALUES (  '150503', 'CALANGO' );
INSERT INTO ubigeo (  codigo, descripcion ) VALUES (  '150504', 'CERRO AZUL' );
INSERT INTO ubigeo (  codigo, descripcion ) VALUES (  '150505', 'CHILCA' );
INSERT INTO ubigeo (  codigo, descripcion ) VALUES (  '150506', 'COAYLLO' );
INSERT INTO ubigeo (  codigo, descripcion ) VALUES (  '150507', 'IMPERIAL' );
INSERT INTO ubigeo (  codigo, descripcion ) VALUES (  '150508', 'LUNAHUANA' );
INSERT INTO ubigeo (  codigo, descripcion ) VALUES (  '150509', 'MALA' );
INSERT INTO ubigeo (  codigo, descripcion ) VALUES (  '150510', 'NUEVO IMPERIAL' );
INSERT INTO ubigeo (  codigo, descripcion ) VALUES (  '150511', 'PACARAN' );
INSERT INTO ubigeo (  codigo, descripcion ) VALUES (  '150512', 'QUILMANA' );
INSERT INTO ubigeo (  codigo, descripcion ) VALUES (  '150513', 'SAN ANTONIO' );
INSERT INTO ubigeo (  codigo, descripcion ) VALUES (  '150514', 'SAN LUIS' );
INSERT INTO ubigeo (  codigo, descripcion ) VALUES (  '150515', 'SANTA CRUZ DE FLORES' );
INSERT INTO ubigeo (  codigo, descripcion ) VALUES (  '150516', 'ZUÑIGA' );
INSERT INTO ubigeo (  codigo, descripcion ) VALUES (  '150600', 'HUARAL' );
INSERT INTO ubigeo (  codigo, descripcion ) VALUES (  '150601', 'HUARAL' );
INSERT INTO ubigeo (  codigo, descripcion ) VALUES (  '150602', 'ATAVILLOS ALTO' );
INSERT INTO ubigeo (  codigo, descripcion ) VALUES (  '150603', 'ATAVILLOS BAJO' );
INSERT INTO ubigeo (  codigo, descripcion ) VALUES (  '150604', 'AUCALLAMA' );
INSERT INTO ubigeo (  codigo, descripcion ) VALUES (  '150605', 'CHANCAY' );
INSERT INTO ubigeo (  codigo, descripcion ) VALUES (  '150606', 'IHUARI' );
INSERT INTO ubigeo (  codigo, descripcion ) VALUES (  '150607', 'LAMPIAN' );
INSERT INTO ubigeo (  codigo, descripcion ) VALUES (  '150608', 'PACARAOS' );
INSERT INTO ubigeo (  codigo, descripcion ) VALUES (  '150609', 'SAN MIGUEL DE ACOS' );
INSERT INTO ubigeo (  codigo, descripcion ) VALUES (  '150610', 'SANTA CRUZ DE ANDAMARCA' );
INSERT INTO ubigeo (  codigo, descripcion ) VALUES (  '150611', 'SUMBILCA' );
INSERT INTO ubigeo (  codigo, descripcion ) VALUES (  '150612', 'VEINTISIETE DE NOVIEMBRE' );
INSERT INTO ubigeo (  codigo, descripcion ) VALUES (  '150700', 'HUAROCHIRI' );
INSERT INTO ubigeo (  codigo, descripcion ) VALUES (  '150701', 'MATUCANA' );
INSERT INTO ubigeo (  codigo, descripcion ) VALUES (  '150702', 'ANTIOQUIA' );
INSERT INTO ubigeo (  codigo, descripcion ) VALUES (  '150703', 'CALLAHUANCA' );
INSERT INTO ubigeo (  codigo, descripcion ) VALUES (  '150704', 'CARAMPOMA' );
INSERT INTO ubigeo (  codigo, descripcion ) VALUES (  '150705', 'CHICLA' );
INSERT INTO ubigeo (  codigo, descripcion ) VALUES (  '150706', 'CUENCA' );
INSERT INTO ubigeo (  codigo, descripcion ) VALUES (  '150707', 'HUACHUPAMPA' );
INSERT INTO ubigeo (  codigo, descripcion ) VALUES (  '150708', 'HUANZA' );
INSERT INTO ubigeo (  codigo, descripcion ) VALUES (  '150709', 'HUAROCHIRI' );
INSERT INTO ubigeo (  codigo, descripcion ) VALUES (  '150710', 'LAHUAYTAMBO' );
INSERT INTO ubigeo (  codigo, descripcion ) VALUES (  '150711', 'LANGA' );
INSERT INTO ubigeo (  codigo, descripcion ) VALUES (  '150712', 'LARAOS' );
INSERT INTO ubigeo (  codigo, descripcion ) VALUES (  '150713', 'MARIATANA' );
INSERT INTO ubigeo (  codigo, descripcion ) VALUES (  '150714', 'RICARDO PALMA' );
INSERT INTO ubigeo (  codigo, descripcion ) VALUES (  '150715', 'SAN ANDRES DE TUPICOCHA' );
INSERT INTO ubigeo (  codigo, descripcion ) VALUES (  '150716', 'SAN ANTONIO' );
INSERT INTO ubigeo (  codigo, descripcion ) VALUES (  '150717', 'SAN BARTOLOME' );
INSERT INTO ubigeo (  codigo, descripcion ) VALUES (  '150718', 'SAN DAMIAN' );
INSERT INTO ubigeo (  codigo, descripcion ) VALUES (  '150719', 'SAN JUAN DE IRIS' );
INSERT INTO ubigeo (  codigo, descripcion ) VALUES (  '150720', 'SAN JUAN DE TANTARANCHE' );
INSERT INTO ubigeo (  codigo, descripcion ) VALUES (  '150721', 'SAN LORENZO DE QUINTI' );
INSERT INTO ubigeo (  codigo, descripcion ) VALUES (  '150722', 'SAN MATEO' );
INSERT INTO ubigeo (  codigo, descripcion ) VALUES (  '150723', 'SAN MATEO DE OTAO' );
INSERT INTO ubigeo (  codigo, descripcion ) VALUES (  '150724', 'SAN PEDRO DE CASTA' );
INSERT INTO ubigeo (  codigo, descripcion ) VALUES (  '150725', 'SAN PEDRO DE HUANCAYRE' );
INSERT INTO ubigeo (  codigo, descripcion ) VALUES (  '150726', 'SANGALLAYA' );
INSERT INTO ubigeo (  codigo, descripcion ) VALUES (  '150727', 'SANTA CRUZ DE COCACHACRA' );
INSERT INTO ubigeo (  codigo, descripcion ) VALUES (  '150728', 'SANTA EULALIA' );
INSERT INTO ubigeo (  codigo, descripcion ) VALUES (  '150729', 'SANTIAGO DE ANCHUCAYA' );
INSERT INTO ubigeo (  codigo, descripcion ) VALUES (  '150730', 'SANTIAGO DE TUNA' );
INSERT INTO ubigeo (  codigo, descripcion ) VALUES (  '150731', 'SANTO DOMINGO DE LOS OLLEROS' );
INSERT INTO ubigeo (  codigo, descripcion ) VALUES (  '150732', 'SURCO' );
INSERT INTO ubigeo (  codigo, descripcion ) VALUES (  '150800', 'HUAURA' );
INSERT INTO ubigeo (  codigo, descripcion ) VALUES (  '150801', 'HUACHO' );
INSERT INTO ubigeo (  codigo, descripcion ) VALUES (  '150802', 'AMBAR' );
INSERT INTO ubigeo (  codigo, descripcion ) VALUES (  '150803', 'CALETA DE CARQUIN' );
INSERT INTO ubigeo (  codigo, descripcion ) VALUES (  '150804', 'CHECRAS' );
INSERT INTO ubigeo (  codigo, descripcion ) VALUES (  '150805', 'HUALMAY' );
INSERT INTO ubigeo (  codigo, descripcion ) VALUES (  '150806', 'HUAURA' );
INSERT INTO ubigeo (  codigo, descripcion ) VALUES (  '150807', 'LEONCIO PRADO' );
INSERT INTO ubigeo (  codigo, descripcion ) VALUES (  '150808', 'PACCHO' );
INSERT INTO ubigeo (  codigo, descripcion ) VALUES (  '150809', 'SANTA LEONOR' );
INSERT INTO ubigeo (  codigo, descripcion ) VALUES (  '150810', 'SANTA MARIA' );
INSERT INTO ubigeo (  codigo, descripcion ) VALUES (  '150811', 'SAYAN' );
INSERT INTO ubigeo (  codigo, descripcion ) VALUES (  '150812', 'VEGUETA' );
INSERT INTO ubigeo (  codigo, descripcion ) VALUES (  '150900', 'OYON' );
INSERT INTO ubigeo (  codigo, descripcion ) VALUES (  '150901', 'OYON' );
INSERT INTO ubigeo (  codigo, descripcion ) VALUES (  '150902', 'ANDAJES' );
INSERT INTO ubigeo (  codigo, descripcion ) VALUES (  '150903', 'CAUJUL' );
INSERT INTO ubigeo (  codigo, descripcion ) VALUES (  '150904', 'COCHAMARCA' );
INSERT INTO ubigeo (  codigo, descripcion ) VALUES (  '150905', 'NAVAN' );
INSERT INTO ubigeo (  codigo, descripcion ) VALUES (  '150906', 'PACHANGARA' );
INSERT INTO ubigeo (  codigo, descripcion ) VALUES (  '151000', 'YAUYOS' );
INSERT INTO ubigeo (  codigo, descripcion ) VALUES (  '151001', 'YAUYOS' );
INSERT INTO ubigeo (  codigo, descripcion ) VALUES (  '151002', 'ALIS' );
INSERT INTO ubigeo (  codigo, descripcion ) VALUES (  '151003', 'AYAUCA' );
INSERT INTO ubigeo (  codigo, descripcion ) VALUES (  '151004', 'AYAVIRI' );
INSERT INTO ubigeo (  codigo, descripcion ) VALUES (  '151005', 'AZANGARO' );
INSERT INTO ubigeo (  codigo, descripcion ) VALUES (  '151006', 'CACRA' );
INSERT INTO ubigeo (  codigo, descripcion ) VALUES (  '151007', 'CARANIA' );
INSERT INTO ubigeo (  codigo, descripcion ) VALUES (  '151008', 'CATAHUASI' );
INSERT INTO ubigeo (  codigo, descripcion ) VALUES (  '151009', 'CHOCOS' );
INSERT INTO ubigeo (  codigo, descripcion ) VALUES (  '151010', 'COCHAS' );
INSERT INTO ubigeo (  codigo, descripcion ) VALUES (  '151011', 'COLONIA' );
INSERT INTO ubigeo (  codigo, descripcion ) VALUES (  '151012', 'HONGOS' );
INSERT INTO ubigeo (  codigo, descripcion ) VALUES (  '151013', 'HUAMPARA' );
INSERT INTO ubigeo (  codigo, descripcion ) VALUES (  '151014', 'HUANCAYA' );
INSERT INTO ubigeo (  codigo, descripcion ) VALUES (  '151015', 'HUANGASCAR' );
INSERT INTO ubigeo (  codigo, descripcion ) VALUES (  '151016', 'HUANTAN' );
INSERT INTO ubigeo (  codigo, descripcion ) VALUES (  '151017', 'HUAÑEC' );
INSERT INTO ubigeo (  codigo, descripcion ) VALUES (  '151018', 'LARAOS' );
INSERT INTO ubigeo (  codigo, descripcion ) VALUES (  '151019', 'LINCHA' );
INSERT INTO ubigeo (  codigo, descripcion ) VALUES (  '151020', 'MADEAN' );
INSERT INTO ubigeo (  codigo, descripcion ) VALUES (  '151021', 'MIRAFLORES' );
INSERT INTO ubigeo (  codigo, descripcion ) VALUES (  '151022', 'OMAS' );
INSERT INTO ubigeo (  codigo, descripcion ) VALUES (  '151023', 'PUTINZA' );
INSERT INTO ubigeo (  codigo, descripcion ) VALUES (  '151024', 'QUINCHES' );
INSERT INTO ubigeo (  codigo, descripcion ) VALUES (  '151025', 'QUINOCAY' );
INSERT INTO ubigeo (  codigo, descripcion ) VALUES (  '151026', 'SAN JOAQUIN' );
INSERT INTO ubigeo (  codigo, descripcion ) VALUES (  '151027', 'SAN PEDRO DE PILAS' );
INSERT INTO ubigeo (  codigo, descripcion ) VALUES (  '151028', 'TANTA' );
INSERT INTO ubigeo (  codigo, descripcion ) VALUES (  '151029', 'TAURIPAMPA' );
INSERT INTO ubigeo (  codigo, descripcion ) VALUES (  '151030', 'TOMAS' );
INSERT INTO ubigeo (  codigo, descripcion ) VALUES (  '151031', 'TUPE' );
INSERT INTO ubigeo (  codigo, descripcion ) VALUES (  '151032', 'VIÑAC' );
INSERT INTO ubigeo (  codigo, descripcion ) VALUES (  '151033', 'VITIS' );

--Zona de Despacho
INSERT INTO ZonaDespacho ( descripcion, abreviatura, Estado ) VALUES ( 'Lima Norte', 'LIM-NOR', 'A');
INSERT INTO ZonaDespacho ( descripcion, abreviatura, Estado ) VALUES ( 'Lima Este', 'LIM-EST', 'A' );
INSERT INTO ZonaDespacho ( descripcion, abreviatura, Estado ) VALUES ( 'Lima Centro', 'LIM-CEN', 'A');
INSERT INTO ZonaDespacho ( descripcion, abreviatura, Estado ) VALUES ( 'Lima Sur', 'LIM-SUR', 'A');
INSERT INTO ZonaDespacho ( descripcion, abreviatura, Estado ) VALUES ( 'Lima Oeste', 'LIM-OES', 'A');

--Estado de Entrega
INSERT INTO ESTADOENTREGA(descripcion, abreviatura) VALUES('Generada', 'GEN');
INSERT INTO ESTADOENTREGA(descripcion, abreviatura) VALUES('Entrega Parcial', 'ENP');
INSERT INTO ESTADOENTREGA(descripcion, abreviatura) VALUES('Entrega Total', 'ENT');
INSERT INTO ESTADOENTREGA(descripcion, abreviatura) VALUES('Eliminada', 'DEL');

--Motivo de Traslado
INSERT INTO MOTIVOTRASLADO(descripcion, abreviatura) VALUES('Venta', 'VEN');
INSERT INTO MOTIVOTRASLADO(descripcion, abreviatura) VALUES('Traslado Interno', 'TIN');
INSERT INTO MOTIVOTRASLADO(descripcion, abreviatura) VALUES('Renovaciòn', 'REN');

--Producto
--INSERT INTO PRODUCTO(numero, nombre, vigencia) VALUES('HL-II PRO', 'Baterìa Profesional HL', '12 meses');
--INSERT INTO PRODUCTO(numero, nombre, vigencia) VALUES('FF-II PRO', 'Baterìa Profesional FF', '12 meses');
--INSERT INTO PRODUCTO(numero, nombre, vigencia) VALUES('HL-09 AD', 'Baterìa Alto Desempeño HL', '18 meses');
--INSERT INTO PRODUCTO(numero, nombre, vigencia) VALUES('FF-09 AD', 'Baterìa Alto Desempeño FF', '18 meses');
--INSERT INTO PRODUCTO(numero, nombre, vigencia) VALUES('HL-09 PL', 'Baterìa Platinum HL', '24 meses');
--INSERT INTO PRODUCTO(numero, nombre, vigencia) VALUES('FF-II PL', 'Baterìa Platinum FF', '24 meses');

--Tipo de Cliente
INSERT INTO TipoCliente ( descripcion, abreviatura ) VALUES ( 'Tercero', 'TER' );
INSERT INTO TipoCliente ( descripcion, abreviatura ) VALUES ( 'Relacionado', 'REL' );
INSERT INTO TipoCliente ( descripcion, abreviatura ) VALUES ( 'Sucursal', 'SUC' );
INSERT INTO TipoCliente ( descripcion, abreviatura ) VALUES ( 'Personal', 'PER' );

--Estado de Cliente
INSERT INTO EstadoCliente ( descripcion, abreviatura ) VALUES ( 'Activo', 'ACT' );
INSERT INTO EstadoCliente ( descripcion, abreviatura ) VALUES ( 'Inactivo', 'INA' );

--Tipo de Documento
INSERT INTO TipoDocumento ( descripcion, abreviatura ) VALUES ( 'RUC', 'RUC' );
INSERT INTO TipoDocumento ( descripcion, abreviatura ) VALUES ( 'DNI', 'DNI' );
INSERT INTO TipoDocumento ( descripcion, abreviatura ) VALUES ( 'Carné de Extranjería', 'EXT' );

--Tipo de Direccion
INSERT INTO TipoDireccion ( descripcion, abreviatura ) VALUES ( 'Principal', 'PRI' );
INSERT INTO TipoDireccion ( descripcion, abreviatura ) VALUES ( 'Recepción', 'REC' );
INSERT INTO TipoDireccion ( descripcion, abreviatura ) VALUES ( 'Facturación', 'FAC' );

--Cliente
INSERT INTO Cliente ( nombre, devolucion, numeroDocumento, renovacion, aceptacion, toleranciaFalta, idTipoCliente, idEstadoCliente, idTipoDocumento, prioridadReposicion ) VALUES ( 'Juan Pérez y Hnos. S.A.', 'N', '20763988311', 'S', 95, 5, '1', '1', '1', null );
INSERT INTO Cliente ( nombre, devolucion, numeroDocumento, renovacion, aceptacion, toleranciaFalta, idTipoCliente, idEstadoCliente, idTipoDocumento, prioridadReposicion ) VALUES ( 'Distribuidora Comercial S.A.', 'S', '20253981481', 'S', 95, 5, '1', '1', '1', null );
INSERT INTO Cliente ( nombre, devolucion, numeroDocumento, renovacion, aceptacion, toleranciaFalta, idTipoCliente, idEstadoCliente, idTipoDocumento, prioridadReposicion ) VALUES ( 'Sodimac Home Center', 'S', '20389230724', 'S', 95, 5, '1', '1', '1', null );
INSERT INTO Cliente ( nombre, devolucion, numeroDocumento, renovacion, aceptacion, toleranciaFalta, idTipoCliente, idEstadoCliente, idTipoDocumento, prioridadReposicion ) VALUES ( 'Repuestos Zárate S.A.', 'S', '20585858671', 'S', 95, 5, '1', '1', '1', null );
INSERT INTO Cliente ( nombre, devolucion, numeroDocumento, renovacion, aceptacion, toleranciaFalta, idTipoCliente, idEstadoCliente, idTipoDocumento, prioridadReposicion ) VALUES ( 'Grupo Delgadillo & Tomasevich ', 'S', '20982354001', 'S', 95, 5, '1', '2', '1', null );
INSERT INTO Cliente ( nombre, devolucion, numeroDocumento, renovacion, aceptacion, toleranciaFalta, idTipoCliente, idEstadoCliente, idTipoDocumento, prioridadReposicion ) VALUES ( 'Genaro Fernández M.', 'N', '08812416', 'N', 95, 5, '1', '1', '2', null );
INSERT INTO Cliente ( nombre, devolucion, numeroDocumento, renovacion, aceptacion, toleranciaFalta, idTipoCliente, idEstadoCliente, idTipoDocumento, prioridadReposicion ) VALUES ( 'CD Comas', 'N', '20100165687', 'N', 0, 1, '3', '1', '1', 1 );
INSERT INTO Cliente ( nombre, devolucion, numeroDocumento, renovacion, aceptacion, toleranciaFalta, idTipoCliente, idEstadoCliente, idTipoDocumento, prioridadReposicion ) VALUES ( 'CD Independencia', 'N', '20100165687', 'N', 0, 1, '3', '1', '1', 2 );
INSERT INTO Cliente ( nombre, devolucion, numeroDocumento, renovacion, aceptacion, toleranciaFalta, idTipoCliente, idEstadoCliente, idTipoDocumento, prioridadReposicion ) VALUES ( 'CD San Juan de Lurigancho', 'N', '20100165687', 'N', 0, 1, '3', '1', '1', 3 );

--Direcciòn Cliente
INSERT INTO Direccion ( nombre, descripcion, idTipoDireccion, idCliente, idZonaDespacho, idUbigeo ) VALUES ( 'Av. Alfredo Mendiola 3047', 'Local Principal', '1', '1', '1', '150135' );
INSERT INTO Direccion ( nombre, descripcion, idTipoDireccion, idCliente, idZonaDespacho, idUbigeo ) VALUES ( 'Carretera Central 4501', 'Local Principal', '1', '2', '2', '150103' );
INSERT INTO Direccion ( nombre, descripcion, idTipoDireccion, idCliente, idZonaDespacho, idUbigeo ) VALUES ( 'Av. Angamos Este Nro. 1805 Int. 2 (Oficina 2)', 'Oficina Principal', '1', '3', '5', '150122' );
INSERT INTO Direccion ( nombre, descripcion, idTipoDireccion, idCliente, idZonaDespacho, idUbigeo ) VALUES ( 'Av. Circunvalación 1801', 'Sodimac Atocongo', '2', '3', '5', '150133' );
INSERT INTO Direccion ( nombre, descripcion, idTipoDireccion, idCliente, idZonaDespacho, idUbigeo ) VALUES ( 'Av. Javier Prado Este 1059', 'Sodima Javier Prado', '2', '3', '3', '150115' );
INSERT INTO Direccion ( nombre, descripcion, idTipoDireccion, idCliente, idZonaDespacho, idUbigeo ) VALUES ( 'Calle Torre Ugarte 983', 'Local Principal', '1', '4', '5', '150122' );
INSERT INTO Direccion ( nombre, descripcion, idTipoDireccion, idCliente, idZonaDespacho, idUbigeo ) VALUES ( 'Av, Gran Chimú 3290', 'Local Principal (Tienda Zárate)', '2', '5', '2', '150132' );
INSERT INTO Direccion ( nombre, descripcion, idTipoDireccion, idCliente, idZonaDespacho, idUbigeo ) VALUES ( 'Av. Brasil 1783', 'Tienda Brasil', '2', '5', '3', '150113' );
INSERT INTO Direccion ( nombre, descripcion, idTipoDireccion, idCliente, idZonaDespacho, idUbigeo ) VALUES ( 'Calle Tulipanes 983', 'Local Principal', '1', '6', '5', '150140' );
INSERT INTO Direccion ( nombre, descripcion, idTipoDireccion, idCliente, idZonaDespacho, idUbigeo ) VALUES ( 'Av. Túpac Amaru 3282', 'CD Comas', '2', '7', '1', '150110' );
INSERT INTO Direccion ( nombre, descripcion, idTipoDireccion, idCliente, idZonaDespacho, idUbigeo ) VALUES ( 'Av. Alfredo Mendiola 4082', 'CD Independencia', '2', '8', '1', '150112' );
INSERT INTO Direccion ( nombre, descripcion, idTipoDireccion, idCliente, idZonaDespacho, idUbigeo ) VALUES ( 'Av. Gran Chimú 5019', 'CD Zárate', '2', '9', '1', '150132' );

--Estado Factura
INSERT INTO ESTADOFACTURA(nombre, abreviatura) VALUES('Generada', 'GEN');
INSERT INTO ESTADOFACTURA(nombre, abreviatura) VALUES('Anulada', 'ANU');
INSERT INTO ESTADOFACTURA(nombre, abreviatura) VALUES('Emitida', 'EMI');
INSERT INTO ESTADOFACTURA(nombre, abreviatura) VALUES('Aprobada', 'APR');
INSERT INTO ESTADOFACTURA(nombre, abreviatura) VALUES('Rechazada', 'REJ');
INSERT INTO ESTADOFACTURA(nombre, abreviatura) VALUES('Pendiente Despacho', 'PDS');

--Estado Pedido
INSERT INTO ESTADOPEDIDO(nombre, abreviatura) VALUES ('Generado', 'GEN');
INSERT INTO ESTADOPEDIDO(nombre, abreviatura) VALUES ('Atendido', 'ATE');
INSERT INTO ESTADOPEDIDO(nombre, abreviatura) VALUES ('No Atendido', 'NAT');
INSERT INTO ESTADOPEDIDO(nombre, abreviatura) VALUES ('Anulado', 'ANU');

--TipoPedido
INSERT INTO TIPOPEDIDO(descripcion, abreviatura) VALUES ('Pedido de Reposición', 'PRE');
INSERT INTO TIPOPEDIDO(descripcion, abreviatura) VALUES ('Hoja de Renovación', 'HDE');

--Factura
INSERT INTO FACTURA(numero, fechaEmision, valorBruto, montoDescuento, valorNeto, valorIGV, importeTotal, idCliente, idEstadoFactura, idDireccion) VALUES ('FA-000-001', '2015-02-19', 847, 0, 1000, 153, 1000, 1, 6, 2);
INSERT INTO FACTURADETALLE(fechaEntrega, nroItem, cantidad, precioUnitario, valorNeto, importeTotal, idFactura, idProducto) VALUES ('2015-05-07', 1, 2, 200, 400, 400, 1, 1);
INSERT INTO FACTURADETALLE(fechaEntrega, nroItem, cantidad, precioUnitario, valorNeto, importeTotal, idFactura, idProducto) VALUES ('2015-05-07', 2, 3, 200, 600, 600, 1, 2);
INSERT INTO FACTURA(numero, fechaEmision, valorBruto, montoDescuento, valorNeto, valorIGV, importeTotal, idCliente, idEstadoFactura, idDireccion) VALUES ('FA-000-002', '2015-02-18', 410, 0, 500, 90, 500, 2, 6, 4);
INSERT INTO FACTURADETALLE(fechaEntrega, nroItem, cantidad, precioUnitario, valorNeto, importeTotal, idFactura, idProducto) VALUES ('2015-05-07', 1, 10, 25, 250, 250, 2, 3);
INSERT INTO FACTURADETALLE(fechaEntrega, nroItem, cantidad, precioUnitario, valorNeto, importeTotal, idFactura, idProducto) VALUES ('2015-05-07', 2, 10, 25, 250, 250, 2, 4);
INSERT INTO FACTURA(numero, fechaEmision, valorBruto, montoDescuento, valorNeto, valorIGV, importeTotal, idCliente, idEstadoFactura, idDireccion) VALUES ('FA-000-003', '2015-02-17', 1230, 0, 1500, 270, 1500, 4, 6, 6);
INSERT INTO FACTURADETALLE(fechaEntrega, nroItem, cantidad, precioUnitario, valorNeto, importeTotal, idFactura, idProducto) VALUES ('2015-05-07', 1, 2, 375, 750, 750, 3, 5);
INSERT INTO FACTURADETALLE(fechaEntrega, nroItem, cantidad, precioUnitario, valorNeto, importeTotal, idFactura, idProducto) VALUES ('2015-05-07', 2, 2, 375, 750, 750, 3, 6);

--Pedido de Reposición
INSERT INTO Pedido ( numero, fechaEmision, valorBruto, montoDescuento, valorNeto, valorIGV, importeTotal, idCliente, idEstadoPedido, idTipoPedido, idDireccion ) VALUES ( 'PR-000-001', '2015-02-09', 1016.95 ,0, 1016.95, 183.05, 1200, 8, 3, 1, 11 );
INSERT INTO Pedido ( numero, fechaEmision, valorBruto, montoDescuento, valorNeto, valorIGV, importeTotal, idCliente, idEstadoPedido, idTipoPedido, idDireccion ) VALUES ( 'PR-000-002', '2015-02-10', 593.22 ,0, 593.22, 106.78, 700, 9, 3, 1, 12 );

INSERT INTO PedidoDetalle ( nroitem, cantidad, fechaEntrega, idPedido, idProducto ) VALUES ( 1, 10, '2015-05-07', 1, 4 );
INSERT INTO PedidoDetalle ( nroitem, cantidad, fechaEntrega, idPedido, idProducto ) VALUES ( 2, 20, '2015-05-07', 1, 5 );
INSERT INTO PedidoDetalle ( nroitem, cantidad, fechaEntrega, idPedido, idProducto ) VALUES ( 1, 14, '2015-05-07', 2, 2 );
INSERT INTO PedidoDetalle ( nroitem, cantidad, fechaEntrega, idPedido, idProducto ) VALUES ( 2, 23, '2015-05-07', 2, 3 );

--Hoja de Renovación
INSERT INTO Pedido ( numero, fechaEmision, valorBruto, montoDescuento, valorNeto, valorIGV, importeTotal, idCliente, idEstadoPedido, idTipoPedido, idDireccion ) VALUES ( 'HR-000-001', '2015-02-11', 0 ,0, 0, 0, 0, 4, 1, 2, 6 );
INSERT INTO Pedido ( numero, fechaEmision, valorBruto, montoDescuento, valorNeto, valorIGV, importeTotal, idCliente, idEstadoPedido, idTipoPedido, idDireccion ) VALUES ( 'HR-000-002', '2015-02-11', 0 ,0, 0, 0, 0, 5, 1, 2, 7 );
INSERT INTO Pedido ( numero, fechaEmision, valorBruto, montoDescuento, valorNeto, valorIGV, importeTotal, idCliente, idEstadoPedido, idTipoPedido, idDireccion ) VALUES ( 'HR-000-003', '2015-02-11', 0 ,0, 0, 0, 0, 1, 1, 2, 1 );

INSERT INTO PedidoDetalle ( nroitem, cantidad, fechaEntrega, idPedido, idProducto ) VALUES ( 1, 5, '2015-05-07', 3, 2 );
INSERT INTO PedidoDetalle ( nroitem, cantidad, fechaEntrega, idPedido, idProducto ) VALUES ( 1, 10, '2015-05-07', 4, 5 );
INSERT INTO PedidoDetalle ( nroitem, cantidad, fechaEntrega, idPedido, idProducto ) VALUES ( 1, 5, '2015-05-07', 5, 6 );

--Parámetros
INSERT INTO parametro ( idparametro, prioridadSede, plazoMaxDespacho, tipoDistribucionStock, redondeoCubicaje ) 
VALUES ( 1, 0, 2, '1', 2 ) ;

--Transporte
INSERT INTO tipoTransporte ( nombre, abreviatura ) VALUES ( 'Transporte X', 'X' ) ;
INSERT INTO marca ( descripcion ) VALUES ( 'Marca X' ) ;

INSERT INTO transporte ( pesoBruto, unidadPeso, cubicaje, unidadCubicaje, placa, idTipoTransporte, idMarca ) 
VALUES ( 40, 'TN', 13.86, 'm', 'BQM-757', 1, 1 ) ;

INSERT INTO transporte ( pesoBruto, unidadPeso, cubicaje, unidadCubicaje, placa, idTipoTransporte, idMarca ) 
VALUES ( 40, 'TN', 15.40, 'm', 'AIV-616', 1, 1 ) ;

INSERT INTO transporte ( pesoBruto, unidadPeso, cubicaje, unidadCubicaje, placa, idTipoTransporte, idMarca ) 
VALUES ( 40, 'TN', 17.50, 'm', 'DMA-982', 1, 1 ) ;

INSERT INTO transporte ( pesoBruto, unidadPeso, cubicaje, unidadCubicaje, placa, idTipoTransporte, idMarca ) 
VALUES ( 40, 'TN', 18.25, 'm', 'RZC-537', 1, 1 ) ;

INSERT INTO transporte ( pesoBruto, unidadPeso, cubicaje, unidadCubicaje, placa, idTipoTransporte, idMarca ) 
VALUES ( 40, 'TN', 18.00, 'm', 'JPL-752', 1, 1 ) ;

insert into estadoHojaRuta ( descripcion, abreviatura ) values ('Generada', 'GEN') ;
insert into estadoHojaRuta ( descripcion, abreviatura ) values ('Con entrega asignada', 'ENTR') ;
insert into estadoHojaRuta ( descripcion, abreviatura ) values ('Despachada', 'DESP') ;
insert into estadoHojaRuta ( descripcion, abreviatura ) values ('Rechazada', 'RECH') ;
insert into estadoHojaRuta ( descripcion, abreviatura ) values ('Eliminada', 'DEL') ;

insert into estadoHojaRutaDetalle ( descripcion, abreviatura ) values ('Generada', 'GEN') ;
insert into estadoHojaRutaDetalle ( descripcion, abreviatura ) values ('Con entrega asignada', 'ENTR') ;
insert into estadoHojaRutaDetalle ( descripcion, abreviatura ) values ('Despachada', 'DESP') ;
insert into estadoHojaRutaDetalle ( descripcion, abreviatura ) values ('Rechazada', 'RECH') ;
insert into estadoHojaRutaDetalle ( descripcion, abreviatura ) values ('Eliminada', 'DEL') ;

--SPU generarFactura
/****** Object:  StoredProcedure [dbo].[generarEntregasFactura]    Script Date: 07/05/2015 12:18:34 ******/
SET ANSI_NULLS ON
GO

SET QUOTED_IDENTIFIER ON
GO


CREATE PROCEDURE [dbo].[generarEntregasFactura]
	@p_fechaInicio DATETIME = '2015-05-06 11:39:07.850'
	,@p_FechaFin DATETIME = '2015-05-07 11:39:07.850'
AS
BEGIN
	-- Declarar variables
	declare @v_codigo int;
	declare @v_idCliente int;
	declare @v_idDireccion int;
	declare @v_idMotivoTraslado int;
	declare @v_fechaEntrega date;
	declare @rownum int;

	set @rownum = 0;

	-- Cursor: Lectura de entregas generadas
	declare entregasFactura_cursor cursor for
	 select codigo, idCliente, idDireccion, idMotivoTraslado, fechaEntrega
	   from entrega
	  where numero is null
		and idMotivoTraslado = 1;

	-- 1. Listado de facturas: Cabecera entrega
	insert into entrega ( fechaGeneracion, fechaEntrega, idEstadoEntrega, 
						idZonaDespacho, idMotivoTraslado, idCliente, idDireccion )
	select GETDATE(), -- fechaGeneracion
			b.fechaEntrega,
			1, -- estadoEntrega
			( select x.idZonaDespacho from direccion as x where x.codigo = a.idDireccion ), -- zonaDespacho
			1, -- motivoTraslado,
			a.idCliente, 
			a.idDireccion
	  from factura a
	 inner join facturadetalle b
		on ( a.codigo = b.idfactura )
	 where b.fechaEntrega between @p_fechaInicio and @p_FechaFin
	   and ISNULL(b.cantidad,0) > ISNULL(b.cantidadEntregada,0)
	   and a.idEstadoFactura = 6 -- Pendiente Despacho
	 group by a.idcliente, a.idDireccion, b.fechaEntrega ;

	-- Abrir cursor: Lectura de entregas generadas
	open entregasFactura_cursor;
	
	FETCH NEXT FROM entregasFactura_cursor into @v_codigo, @v_idCliente, @v_idDireccion, @v_idMotivoTraslado, @v_fechaEntrega ;
	
	WHILE @@FETCH_STATUS = 0
	BEGIN

	-- Asignar número de entrega
	update entrega
	   set numero = concat('ENT-', FORMAT (codigo, '000')) 
	 where codigo = @v_codigo ;

	-- Generar detalle por entrega
	insert into entregaDetalle ( idEntrega, nroItem, cantidadEntregaProg, idProducto )
	select x.idEntrega,
			@rownum+1 AS nroItem,
			x.cantidad, 
			x.idProducto
	  from 	( select @v_codigo as idEntrega,
					sum(ISNULL(b.cantidad,0) - ISNULL(b.cantidadEntregada,0)) as cantidad,
					b.idProducto
			  from factura a
			 inner join facturadetalle b
				on ( a.codigo = b.idfactura )
			 where b.fechaEntrega between @p_fechaInicio and @p_FechaFin
			   and ISNULL(b.cantidad,0) > ISNULL(b.cantidadEntregada,0)
			   and a.idEstadoFactura = 6 -- Pendiente Despacho
			   and a.idCliente = @v_idCliente
			   and b.fechaEntrega = @v_fechaEntrega
			   and a.idDireccion = @v_idDireccion
			 group by b.idProducto) x;

			 FETCH NEXT FROM entregasFactura_cursor into @v_codigo, @v_idCliente, @v_idDireccion, @v_idMotivoTraslado, @v_fechaEntrega ;

	END
	close entregasFactura_cursor;
	DEALLOCATE entregasFactura_cursor;

	-- Actualizar cantidades en entrega
	update facturadetalle
	   set cantidadEntregada = cantidad
	 where idFactura in ( select distinct x.codigo
						   from factura x
						  where x.idEstadoFactura = 6 )
	  and fechaEntrega between @p_fechaInicio and @p_FechaFin
      and idFacturaDetalle between 1 and 10000 ;

END


GO



