SET QUOTED_IDENTIFIER OFF;
GO
USE [ETNA.DB];
GO

/*IMPORTANTE : HACER SIEMPRE CONCIDIR EL USERID con EMPLEADOID, de esa forma se nos simplifica esa parte de la programación*/


/****** Object:  Table [dbo].[webpages_Membership]  */  
INSERT [dbo].[webpages_Membership] ([UserId], [CreateDate], [ConfirmationToken], [IsConfirmed], [LastPasswordFailureDate], [PasswordFailuresSinceLastSuccess], [Password], [PasswordChangedDate], [PasswordSalt], [PasswordVerificationToken], [PasswordVerificationTokenExpirationDate]) 
VALUES (1, CAST(0x0000A4620119316B AS DateTime), NULL, 1, NULL, 0, N'AKGufSA/XPH8iKxL3Wc2VLSBkCh1/M7tPEiftGE9hUtUXSQx2xy5xPJ9Y+FwTBhDVA==', CAST(0x0000A4620119316B AS DateTime), N'', NULL, NULL)
INSERT [dbo].[webpages_Membership] ([UserId], [CreateDate], [ConfirmationToken], [IsConfirmed], [LastPasswordFailureDate], [PasswordFailuresSinceLastSuccess], [Password], [PasswordChangedDate], [PasswordSalt], [PasswordVerificationToken], [PasswordVerificationTokenExpirationDate]) 
VALUES (2, CAST(0x0000A4620119316B AS DateTime), NULL, 1, NULL, 0, N'AKGufSA/XPH8iKxL3Wc2VLSBkCh1/M7tPEiftGE9hUtUXSQx2xy5xPJ9Y+FwTBhDVA==', CAST(0x0000A4620119316B AS DateTime), N'', NULL, NULL)
INSERT [dbo].[webpages_Membership] ([UserId], [CreateDate], [ConfirmationToken], [IsConfirmed], [LastPasswordFailureDate], [PasswordFailuresSinceLastSuccess], [Password], [PasswordChangedDate], [PasswordSalt], [PasswordVerificationToken], [PasswordVerificationTokenExpirationDate]) 
VALUES (3, CAST(0x0000A4620119316B AS DateTime), NULL, 1, NULL, 0, N'AKGufSA/XPH8iKxL3Wc2VLSBkCh1/M7tPEiftGE9hUtUXSQx2xy5xPJ9Y+FwTBhDVA==', CAST(0x0000A4620119316B AS DateTime), N'', NULL, NULL)
INSERT [dbo].[webpages_Membership] ([UserId], [CreateDate], [ConfirmationToken], [IsConfirmed], [LastPasswordFailureDate], [PasswordFailuresSinceLastSuccess], [Password], [PasswordChangedDate], [PasswordSalt], [PasswordVerificationToken], [PasswordVerificationTokenExpirationDate]) 
VALUES (4, CAST(0x0000A4620119316B AS DateTime), NULL, 1, NULL, 0, N'AKGufSA/XPH8iKxL3Wc2VLSBkCh1/M7tPEiftGE9hUtUXSQx2xy5xPJ9Y+FwTBhDVA==', CAST(0x0000A4620119316B AS DateTime), N'', NULL, NULL)
INSERT [dbo].[webpages_Membership] ([UserId], [CreateDate], [ConfirmationToken], [IsConfirmed], [LastPasswordFailureDate], [PasswordFailuresSinceLastSuccess], [Password], [PasswordChangedDate], [PasswordSalt], [PasswordVerificationToken], [PasswordVerificationTokenExpirationDate]) 
VALUES (5, CAST(0x0000A4620119316B AS DateTime), NULL, 1, NULL, 0, N'AKGufSA/XPH8iKxL3Wc2VLSBkCh1/M7tPEiftGE9hUtUXSQx2xy5xPJ9Y+FwTBhDVA==', CAST(0x0000A4620119316B AS DateTime), N'', NULL, NULL)
INSERT [dbo].[webpages_Membership] ([UserId], [CreateDate], [ConfirmationToken], [IsConfirmed], [LastPasswordFailureDate], [PasswordFailuresSinceLastSuccess], [Password], [PasswordChangedDate], [PasswordSalt], [PasswordVerificationToken], [PasswordVerificationTokenExpirationDate]) 
VALUES (6, CAST(0x0000A4620119316B AS DateTime), NULL, 1, NULL, 0, N'AKGufSA/XPH8iKxL3Wc2VLSBkCh1/M7tPEiftGE9hUtUXSQx2xy5xPJ9Y+FwTBhDVA==', CAST(0x0000A4620119316B AS DateTime), N'', NULL, NULL)
INSERT [dbo].[webpages_Membership] ([UserId], [CreateDate], [ConfirmationToken], [IsConfirmed], [LastPasswordFailureDate], [PasswordFailuresSinceLastSuccess], [Password], [PasswordChangedDate], [PasswordSalt], [PasswordVerificationToken], [PasswordVerificationTokenExpirationDate]) 
VALUES (7, CAST(0x0000A4620119316B AS DateTime), NULL, 1, NULL, 0, N'AKGufSA/XPH8iKxL3Wc2VLSBkCh1/M7tPEiftGE9hUtUXSQx2xy5xPJ9Y+FwTBhDVA==', CAST(0x0000A4620119316B AS DateTime), N'', NULL, NULL)
INSERT [dbo].[webpages_Membership] ([UserId], [CreateDate], [ConfirmationToken], [IsConfirmed], [LastPasswordFailureDate], [PasswordFailuresSinceLastSuccess], [Password], [PasswordChangedDate], [PasswordSalt], [PasswordVerificationToken], [PasswordVerificationTokenExpirationDate]) 
VALUES (8, CAST(0x0000A4620119316B AS DateTime), NULL, 1, NULL, 0, N'AKGufSA/XPH8iKxL3Wc2VLSBkCh1/M7tPEiftGE9hUtUXSQx2xy5xPJ9Y+FwTBhDVA==', CAST(0x0000A4620119316B AS DateTime), N'', NULL, NULL)
INSERT [dbo].[webpages_Membership] ([UserId], [CreateDate], [ConfirmationToken], [IsConfirmed], [LastPasswordFailureDate], [PasswordFailuresSinceLastSuccess], [Password], [PasswordChangedDate], [PasswordSalt], [PasswordVerificationToken], [PasswordVerificationTokenExpirationDate]) 
VALUES (9, CAST(0x0000A4620119316B AS DateTime), NULL, 1, NULL, 0, N'AKGufSA/XPH8iKxL3Wc2VLSBkCh1/M7tPEiftGE9hUtUXSQx2xy5xPJ9Y+FwTBhDVA==', CAST(0x0000A4620119316B AS DateTime), N'', NULL, NULL)
INSERT [dbo].[webpages_Membership] ([UserId], [CreateDate], [ConfirmationToken], [IsConfirmed], [LastPasswordFailureDate], [PasswordFailuresSinceLastSuccess], [Password], [PasswordChangedDate], [PasswordSalt], [PasswordVerificationToken], [PasswordVerificationTokenExpirationDate]) 
VALUES (10, CAST(0x0000A4620119316B AS DateTime), NULL, 1, NULL, 0, N'AKGufSA/XPH8iKxL3Wc2VLSBkCh1/M7tPEiftGE9hUtUXSQx2xy5xPJ9Y+FwTBhDVA==', CAST(0x0000A4620119316B AS DateTime), N'', NULL, NULL)


INSERT INTO USERPROFILE (USERNAME) VALUES ('DVALDIVIA');
INSERT INTO USERPROFILE (USERNAME) VALUES ('MDELALCAZAR');
INSERT INTO USERPROFILE (USERNAME) VALUES ('JMOSCOSO');
INSERT INTO USERPROFILE (USERNAME) VALUES ('LMUNDACA');
INSERT INTO USERPROFILE (USERNAME) VALUES ('MFLORES');
INSERT INTO USERPROFILE (USERNAME) VALUES ('AAGUIRRE');
INSERT INTO USERPROFILE (USERNAME) VALUES ('MGUZMAN');
INSERT INTO USERPROFILE (USERNAME) VALUES ('LCORCIO');
INSERT INTO USERPROFILE (USERNAME) VALUES ('MIBERICO');
INSERT INTO USERPROFILE (USERNAME) VALUES ('CROJAS');

INSERT INTO EMPLEADOS (NOMBRES, APELLIDOS, DIRECCION, CARGO, USERPROFILE_USERID) 
VALUES ('DIEGO MARTIN','VALDIVIA PEREZ','PRIMAVERA 1212','ASISTENTE ALMACEN',1);
INSERT INTO EMPLEADOS (NOMBRES, APELLIDOS, DIRECCION, CARGO, USERPROFILE_USERID) 
VALUES ('MIGUEL EDUARDO','DEL ALCAZAR ALVAREZ','PRIMERA JUNTA 127','ASISTENTE ALMACEN',2);
INSERT INTO EMPLEADOS (NOMBRES, APELLIDOS, DIRECCION, CARGO, USERPROFILE_USERID) 
VALUES ('JOAN','MOSCOSO','AV. PERU 222','ASISTENTE ALMACEN',3);
INSERT INTO EMPLEADOS (NOMBRES, APELLIDOS, DIRECCION, CARGO, USERPROFILE_USERID) 
VALUES ('LESLIE','MUNDACA','LA VICTORIA 333','ASISTENTE ALMACEN',4);
INSERT INTO EMPLEADOS (NOMBRES, APELLIDOS, DIRECCION, CARGO, USERPROFILE_USERID) 
VALUES ('MIGUEL','FLOREZ','BOLIVIA 332','ASISTENTE ALMACEN',5);
INSERT INTO EMPLEADOS (NOMBRES, APELLIDOS, DIRECCION, CARGO, USERPROFILE_USERID) 
VALUES ('ALBERTO','AGUIRRE','LA MOLINA 456','ASISTENTE ALMACEN',6);
INSERT INTO EMPLEADOS (NOMBRES, APELLIDOS, DIRECCION, CARGO, USERPROFILE_USERID) 
VALUES ('MIGUEL','GUZMAN','SAN JUAN MIRAFLORES 444','ASISTENTE ALMACEN',7);
INSERT INTO EMPLEADOS (NOMBRES, APELLIDOS, DIRECCION, CARGO, USERPROFILE_USERID) 
VALUES ('LUIS','CORCIO','FUNESTA 2223','ASISTENTE ALMACEN',8);
INSERT INTO EMPLEADOS (NOMBRES, APELLIDOS, DIRECCION, CARGO, USERPROFILE_USERID) 
VALUES ('MARTIN','IBERICO','RECUAY 223','ASISTENTE ALMACEN',9);
INSERT INTO EMPLEADOS (NOMBRES, APELLIDOS, DIRECCION, CARGO, USERPROFILE_USERID) 
VALUES ('CAROLINA','ROJAS','ALCANFORES 233','ASISTENTE ALMACEN',10);

INSERT INTO Almacenes (Nombre, Direccion, Tipo, AreaEnM2)
VALUES ('ALMACEN PRINCIPAL','AV. EL PACÍFICO 501 – 561 INDEPENDENCIA',1,1500);
INSERT INTO Almacenes (Nombre, Direccion, Tipo, AreaEnM2)
VALUES ('ALMACEN INSUMOS','AV. ARGENTINA 780',1,1000);
INSERT INTO Almacenes (Nombre, Direccion, Tipo, AreaEnM2)
VALUES ('ALMACEN SECUNDARIO','KM 57 PANAMERICANA NORTE',1,500);

-- Empleado con 3 almacenes DVALDIVIA
INSERT INTO EmpleadoAlmacen (Empleado_Id, Almacen_Id) VALUES (1,1);
INSERT INTO EmpleadoAlmacen (Empleado_Id, Almacen_Id) VALUES (1,2);
INSERT INTO EmpleadoAlmacen (Empleado_Id, Almacen_Id) VALUES (1,3);
-- Empleado con 1 almacén MDELALCAZAR
INSERT INTO EmpleadoAlmacen (Empleado_Id, Almacen_Id) VALUES (2,1);
-- Empleado con 1 almacén JMOSCOSO
INSERT INTO EmpleadoAlmacen (Empleado_Id, Almacen_Id) VALUES (3,2);

INSERT INTO Productos (Nombre, DescripcionCorta,DescripcionLarga, PrecioListaCompra, PrecioListaVenta, Estado)
VALUES ('BATERIA U1R','','',10,20, 0);
INSERT INTO Productos (Nombre, DescripcionCorta,DescripcionLarga, PrecioListaCompra, PrecioListaVenta, Estado)
VALUES ('BATERIA NS40','','',20,30, 0);
INSERT INTO Productos (Nombre, DescripcionCorta,DescripcionLarga, PrecioListaCompra, PrecioListaVenta, Estado)
VALUES ('BATERIA N4051','','',30,40, 0);
INSERT INTO Productos (Nombre, DescripcionCorta,DescripcionLarga, PrecioListaCompra, PrecioListaVenta, Estado)
VALUES ('BATERIA NS60','','',40,50, 0);
INSERT INTO Productos (Nombre, DescripcionCorta,DescripcionLarga, PrecioListaCompra, PrecioListaVenta, Estado)
VALUES ('BATERIA L18','','',50,60, 0);
INSERT INTO Productos (Nombre, DescripcionCorta,DescripcionLarga, PrecioListaCompra, PrecioListaVenta, Estado)
VALUES ('BATERIA L1','','',70,80, 0);
INSERT INTO Productos (Nombre, DescripcionCorta,DescripcionLarga, PrecioListaCompra, PrecioListaVenta, Estado)
VALUES ('BATERIA 42','','',80,90, 0);
INSERT INTO Productos (Nombre, DescripcionCorta,DescripcionLarga, PrecioListaCompra, PrecioListaVenta, Estado)
VALUES ('BATERIA 40R','','',90,100, 0);
INSERT INTO Productos (Nombre, DescripcionCorta,DescripcionLarga, PrecioListaCompra, PrecioListaVenta, Estado)
VALUES ('BATERIA 026','','',100,110, 0);
INSERT INTO Productos (Nombre, DescripcionCorta,DescripcionLarga, PrecioListaCompra, PrecioListaVenta, Estado)
VALUES ('BATERIA D26','','',110,120, 0);
INSERT INTO Productos (Nombre, DescripcionCorta,DescripcionLarga, PrecioListaCompra, PrecioListaVenta, Estado)
VALUES ('BATERIA D31','','',120,130, 0);
INSERT INTO Productos (Nombre, DescripcionCorta,DescripcionLarga, PrecioListaCompra, PrecioListaVenta, Estado)
VALUES ('BATERIA 31A','','',130,140, 0);
INSERT INTO Productos (Nombre, DescripcionCorta,DescripcionLarga, PrecioListaCompra, PrecioListaVenta, Estado)
VALUES ('BATERIA 31T','','',140,150, 0);
INSERT INTO Productos (Nombre, DescripcionCorta,DescripcionLarga, PrecioListaCompra, PrecioListaVenta, Estado)
VALUES ('BATERIA N200','','',150,160, 0);
INSERT INTO Productos (Nombre, DescripcionCorta,DescripcionLarga, PrecioListaCompra, PrecioListaVenta, Estado)
VALUES ('BATERIA N200 PRO','','',160,170, 0);
INSERT INTO Productos (Nombre, DescripcionCorta,DescripcionLarga, PrecioListaCompra, PrecioListaVenta, Estado)
VALUES ('BATERIA 4Y','','',170,180, 0);
INSERT INTO Productos (Nombre, DescripcionCorta,DescripcionLarga, PrecioListaCompra, PrecioListaVenta, Estado)
VALUES ('AGUA DESTILADA','','',180,190, 0);
INSERT INTO Productos (Nombre, DescripcionCorta,DescripcionLarga, PrecioListaCompra, PrecioListaVenta, Estado)
VALUES ('VOLTIMETRO','','',190,200, 0);
INSERT INTO Productos (Nombre, DescripcionCorta,DescripcionLarga, PrecioListaCompra, PrecioListaVenta, Estado)
VALUES ('ALTERNADOR','','',200,250, 0);
INSERT INTO Productos (Nombre, DescripcionCorta,DescripcionLarga, PrecioListaCompra, PrecioListaVenta, Estado)
VALUES ('PLOMO','','',10,20, 0);
INSERT INTO Productos (Nombre, DescripcionCorta,DescripcionLarga, PrecioListaCompra, PrecioListaVenta, Estado)
VALUES ('MALLA METALICA','','',20,30, 0);
INSERT INTO Productos (Nombre, DescripcionCorta,DescripcionLarga, PrecioListaCompra, PrecioListaVenta, Estado)
VALUES ('ANIONES','','',30,40, 0);

-- Año - mes - día
INSERT INTO SOLICITUDESENTRADA (FECHAELABORACION, TIPOENTRADA, ESTADO, EMPLEADO_ID)
VALUES ('2015-03-01',1,2,6)
INSERT INTO SOLICITUDESENTRADA (FECHAELABORACION, TIPOENTRADA, ESTADO, EMPLEADO_ID)
VALUES ('2015-03-7',2,2,6)
INSERT INTO SOLICITUDESENTRADA (FECHAELABORACION, TIPOENTRADA, ESTADO, EMPLEADO_ID)
VALUES ('2015-03-10',3,2,7)
INSERT INTO SOLICITUDESENTRADA (FECHAELABORACION, TIPOENTRADA, ESTADO, EMPLEADO_ID)
VALUES ('2015-03-15',1,2,8)

INSERT INTO DETALLESOLICITUDENTRADA (IDPRODUCTO, IDSOLICITUDENTRADA, CANTIDAD)
VALUES (1,1,10);
INSERT INTO DETALLESOLICITUDENTRADA (IDPRODUCTO, IDSOLICITUDENTRADA, CANTIDAD)
VALUES (2,1,5);
INSERT INTO DETALLESOLICITUDENTRADA (IDPRODUCTO, IDSOLICITUDENTRADA, CANTIDAD)
VALUES (3,1,3);
INSERT INTO DETALLESOLICITUDENTRADA (IDPRODUCTO, IDSOLICITUDENTRADA, CANTIDAD)
VALUES (4,1,1);

INSERT INTO DETALLESOLICITUDENTRADA (IDPRODUCTO, IDSOLICITUDENTRADA, CANTIDAD)
VALUES (5,2,2);
INSERT INTO DETALLESOLICITUDENTRADA (IDPRODUCTO, IDSOLICITUDENTRADA, CANTIDAD)
VALUES (6,2,12);

INSERT INTO DETALLESOLICITUDENTRADA (IDPRODUCTO, IDSOLICITUDENTRADA, CANTIDAD)
VALUES (7,3,4);
INSERT INTO DETALLESOLICITUDENTRADA (IDPRODUCTO, IDSOLICITUDENTRADA, CANTIDAD)
VALUES (8,3,7);
INSERT INTO DETALLESOLICITUDENTRADA (IDPRODUCTO, IDSOLICITUDENTRADA, CANTIDAD)
VALUES (1,3,12);

INSERT INTO DETALLESOLICITUDENTRADA (IDPRODUCTO, IDSOLICITUDENTRADA, CANTIDAD)
VALUES (10,4,4);
INSERT INTO DETALLESOLICITUDENTRADA (IDPRODUCTO, IDSOLICITUDENTRADA, CANTIDAD)
VALUES (11,4,7);
INSERT INTO DETALLESOLICITUDENTRADA (IDPRODUCTO, IDSOLICITUDENTRADA, CANTIDAD)
VALUES (12,4,12);
INSERT INTO DETALLESOLICITUDENTRADA (IDPRODUCTO, IDSOLICITUDENTRADA, CANTIDAD)
VALUES (13,4,4);
INSERT INTO DETALLESOLICITUDENTRADA (IDPRODUCTO, IDSOLICITUDENTRADA, CANTIDAD)
VALUES (14,4,7);
INSERT INTO DETALLESOLICITUDENTRADA (IDPRODUCTO, IDSOLICITUDENTRADA, CANTIDAD)
VALUES (15,4,12);

-- Año - mes - día
INSERT INTO SOLICITUDSALIDACONJUNTO (FECHAELABORACION, TIPOSALIDA, ESTADO, EMPLEADO_ID, DIRECCIONENTREGA, RAZONSOCIALDESTINATARIO)
VALUES ('2015-03-01',1,2,6,'Av. Benavides','Almacenes SA')
INSERT INTO SOLICITUDSALIDACONJUNTO (FECHAELABORACION, TIPOSALIDA, ESTADO, EMPLEADO_ID, DIRECCIONENTREGA, RAZONSOCIALDESTINATARIO)
VALUES ('2015-03-7',2,2,6,'Av. Benavides','Almacenes SA')
INSERT INTO SOLICITUDSALIDACONJUNTO (FECHAELABORACION, TIPOSALIDA, ESTADO, EMPLEADO_ID, DIRECCIONENTREGA, RAZONSOCIALDESTINATARIO)
VALUES ('2015-03-10',3,2,7,'Av. Benavides','Almacenes SA')
INSERT INTO SOLICITUDSALIDACONJUNTO (FECHAELABORACION, TIPOSALIDA, ESTADO, EMPLEADO_ID, DIRECCIONENTREGA, RAZONSOCIALDESTINATARIO)
VALUES ('2015-03-15',1,2,8,'Av. Benavides','Almacenes SA')

INSERT INTO DETALLESOLICITUDSALIDACONJUNTO (IDPRODUCTO, IDSOLICITUDSALIDA, CANTIDAD, CANTIDADFINAL)
VALUES (1,1,10,10);
INSERT INTO DETALLESOLICITUDSALIDACONJUNTO (IDPRODUCTO, IDSOLICITUDSALIDA, CANTIDAD, CANTIDADFINAL)
VALUES (2,1,5,5);
INSERT INTO DETALLESOLICITUDSALIDACONJUNTO (IDPRODUCTO, IDSOLICITUDSALIDA, CANTIDAD, CANTIDADFINAL)
VALUES (3,1,3,3);
INSERT INTO DETALLESOLICITUDSALIDACONJUNTO (IDPRODUCTO, IDSOLICITUDSALIDA, CANTIDAD, CANTIDADFINAL)
VALUES (4,1,1,1);

INSERT INTO DETALLESOLICITUDSALIDACONJUNTO (IDPRODUCTO, IDSOLICITUDSALIDA, CANTIDAD, CANTIDADFINAL)
VALUES (5,2,2,2);
INSERT INTO DETALLESOLICITUDSALIDACONJUNTO (IDPRODUCTO, IDSOLICITUDSALIDA, CANTIDAD, CANTIDADFINAL)
VALUES (6,2,12,12);

INSERT INTO DETALLESOLICITUDSALIDACONJUNTO (IDPRODUCTO, IDSOLICITUDSALIDA, CANTIDAD, CANTIDADFINAL)
VALUES (7,3,4,4);
INSERT INTO DETALLESOLICITUDSALIDACONJUNTO (IDPRODUCTO, IDSOLICITUDSALIDA, CANTIDAD, CANTIDADFINAL)
VALUES (8,3,7,7);
INSERT INTO DETALLESOLICITUDSALIDACONJUNTO (IDPRODUCTO, IDSOLICITUDSALIDA, CANTIDAD, CANTIDADFINAL)
VALUES (1,3,12,12);

INSERT INTO DETALLESOLICITUDSALIDACONJUNTO (IDPRODUCTO, IDSOLICITUDSALIDA, CANTIDAD, CANTIDADFINAL)
VALUES (10,4,4,4);
INSERT INTO DETALLESOLICITUDSALIDACONJUNTO (IDPRODUCTO, IDSOLICITUDSALIDA, CANTIDAD, CANTIDADFINAL)
VALUES (11,4,7,7);
INSERT INTO DETALLESOLICITUDSALIDACONJUNTO (IDPRODUCTO, IDSOLICITUDSALIDA, CANTIDAD, CANTIDADFINAL)
VALUES (12,4,12,12);
INSERT INTO DETALLESOLICITUDSALIDACONJUNTO (IDPRODUCTO, IDSOLICITUDSALIDA, CANTIDAD, CANTIDADFINAL)
VALUES (13,4,4,4);
INSERT INTO DETALLESOLICITUDSALIDACONJUNTO (IDPRODUCTO, IDSOLICITUDSALIDA, CANTIDAD, CANTIDADFINAL)
VALUES (14,4,7,7);
INSERT INTO DETALLESOLICITUDSALIDACONJUNTO (IDPRODUCTO, IDSOLICITUDSALIDA, CANTIDAD, CANTIDADFINAL)
VALUES (15,4,12,12);

INSERT INTO TIPOLOTES(descripcion)
values('Lote tipo 1')

INSERT INTO TIPOLOTES(descripcion)
values('Lote tipo 2')

INSERT INTO TIPOLOTES(descripcion)
values('Lote tipo 3')




